SKU,Encontrado,Stock,Stock Futuro
NBAPJ522203-GRY,SI,0,17
NBAPT522214-BLK2,SI,0,16
NBAPT522214-BLK1,SI,0,16
NBAPT522214-BLK,SI,0,14
NBATT522222-BLK,SI,0,5
NBATS622223-BLK,SI,0,4
NBACT622221-PUR,SI,0,13
NBACT622221-BLK,SI,0,13
NBAPJ622271-BLK,SI,0,44
NBAPJ622271-LHB,SI,0,44
NBAPJ622271-PUR,SI,0,34
NBAPJ622271-PNK,SI,0,34
NBAPJ622267-RED1,SI,0,54
NBAPJ622267-RED,SI,0,44
NBAPJ622267-PUR,SI,0,44
NBAPJ622264-GRY1,SI,0,54
NBAPJ622264-PUR,SI,0,44
NBAPJ622264-PNK,SI,0,54
NBAPJ622264-GRY,SI,0,44
NBAPJ622261-GRY3,SI,0,44
NBAPJ622261-GRY1,SI,0,34
NBAPJ622261-GRY2,SI,0,44
NBAPJ622261-GRY,SI,0,34
NFLTS622201-NVY,SI,0,4
NFLTS622201-RED1,SI,0,4
NFLCT622202-BLK1,SI,0,17
MLBTS5222013-LBL,SI,0,4
MLBTS322210-NVY,SI,0,24
MLBTS322210-BLK,SI,0,25
MLBTS322205-NVY,SI,0,21
MLBTS322205-BLK,SI,0,25
PACSO522205K-ORG,NO,0,25
PACSO522206K-BLK,NO,0,25
BUDPT522201-BLK,SI,21,0
NASPT522202-GRY,SI,21,0
ACPT522201-BLK2,SI,21,0
LLPT522201-BLK,SI,21,0
LLSH522201-BLK,SI,21,0
NASSH522201-BLK,SI,17,0
64702U-ERA,NO,17,0
ACTS5232003-BLK,NO,17,0
SOUTS522205-PUR,SI,27,0
81818U-LNK,NO,27,0
81818U-LNZ,NO,27,0
81829U-LNZ,NO,27,0
81840U-88D,NO,27,0
81829U-LNK,NO,27,0
UMSH523106-BLK,NO,27,0
UMSH523103-NVY,NO,27,0
UMSH523105-BLK,NO,27,0
UMJS523103-TUR,NO,27,0
UMJS523104-LBL,NO,27,0
MLBTS320201-GRY,SI,0,25
21269U-LMN,NO,0,25
64702U-7RA,NO,0,25
NFLCT622202-NVY,SI,0,17
NFLCT622202-BLK,SI,0,17
CCJP522202-BLK,SI,21,0
FDPT522201-GRY,SI,21,0
NBATS321000-WHT2,SI,0,23
NBASW523108-BLK3,SI,0,42
NBAHD523111-BLK4,SI,0,49
NBASW523108-BLK4,SI,0,55
NBACT62213-NVY3,SI,0,42
NBASW523108-RED,SI,0,60
NBASW523108-BLK,SI,0,55
NBATS521000-WHT2,SI,0,33
NBATS321000-BLK8,SI,0,10
NBATS521000-BLK7,SI,18,24
FIJS322209-YEL,SI,7,0
NBATS322229-GRY4,SI,0,17
NBATS322229-BUR,SI,0,13
NBATS322229-BLU,SI,0,17
NBATS322229-DGRY,SI,0,18
NBASH322224-BLK4,SI,6,0
NBASW523106-RED2,SI,0,42
NBASW523108-BLU2,SI,0,42
NBACT422220-PUR,SI,0,25
NBACT422220-YEL,SI,0,25
NBACT422220-RED,SI,0,25
NBACT422220-BLK,SI,0,25
NBASH422220-BLK,SI,0,17
NBASH422220-PUR,SI,0,17
NBATT422220-BLK,SI,0,17
NBATT422220-PUR,SI,0,17
NBAHD422221-RED,SI,0,21
NBAHD422221-BLK,SI,0,12
NBAHD422221-PUR,SI,0,12
NBATT322221-BLK1,SI,6,0
NBATT322221-BLK,SI,6,0
NBATS322224-BLK2,SI,0,2
NBASH322221-BLK,SI,0,21
NBASH322220-BLK3,SI,0,17
NBASH322220-BLK4,SI,4,1
NBASH322220-BLK2,SI,4,0
NBASH322220-BLK,SI,4,0
NBATS322221-BLK1,SI,3,21
NBATS322221-WHT,SI,3,8
NBATS322221-YEL,SI,3,12
NBATS322220-PUR,SI,0,8
NBATS322220-BLK1,SI,3,0
NBATS322220-BLK,SI,0,6
NBASH322202-BLK,SI,0,7
NBATS322201-RED,SI,0,4
NBATS322201-YEL,SI,0,17
NBATS322201-GRY,SI,0,7
NBASH322201-YEL,SI,0,7
NBASH322201-WHT,SI,0,19
NBASH322201-RED,SI,0,18
NBASH322201-PUR,SI,0,19
NBASH322201-BLK1,SI,0,19
NBASH322201-BLK,SI,0,3
NBAHD322201-GRY,SI,0,8
NBAHD322201-BLK1,SI,0,25
NBAHD322201-BLK,SI,0,6
NBATS522256-BLK4,SI,0,6
NBATS522256-BLK,SI,0,10
NBATS522255-PUR,SI,0,14
NBATS522254-BLK,SI,0,6
NBATS522253-PUR,SI,0,9
NBATS522252-BLK4,SI,0,20
NBATS522252-BLK5,SI,0,5
NBAHD522252-BLK4,SI,0,10
NBAHD522252-BLK,SI,0,3
NBATS522240-YEL,SI,0,36
NBAJP622202-BLK1,SI,0,18
NBAJP622201-GRY3,SI,0,19
NBAJP622201-GRY,SI,0,19
NBASW622230-BLK,SI,0,6
NBASW622230-RED,SI,0,15
NBASW622230-YEL,SI,0,15
NBASW622230-PUR,SI,0,6
NBAHD622221-PUR,SI,0,5
NBAHD622221-BLK,SI,0,5
NBACT622220-LHB,SI,0,27
NBACT622220-YEL,SI,0,11
NBACT622220-RED,SI,0,5
NBACT622220-BLK,SI,0,3
NBAPT522210-BLK,SI,0,20
NBATS522210-BLK1,SI,0,15
NBATS522210-YEL,SI,0,7
NBATS522210-BLK,SI,0,13
CCCT622203-WHT,SI,8,0
CCTS622203-NVY,SI,22,0
CCTS622202-BLK,SI,20,0
CCTS622202-WHT,SI,5,0
CCTS622201-BGE,SI,23,0
NBALG422229-PUR,SI,0,17
NBALG422229-BLK,SI,0,17
NBATS422223-YEL,SI,0,14
NBATT322222-PUR1,SI,0,20
NBATT322222-PUR,SI,0,6
NBATT322222-BLU,SI,0,6
NBASB522226-BLK1,SI,10,0
NBATT522201-PUR1,SI,0,16
NBATT522201-BLU,SI,0,15
NBATS522203-BLK1,SI,0,25
NBATS522203-BLK,SI,0,25
NBASB322220-BLK2,SI,3,0
NBASB322220-BLK,SI,3,0
NBATS522229-GRN,SI,0,11
NBATS522229-BLU,SI,0,15
NBATS522229-BLK4,SI,0,19
NBATS522229-BLK2,SI,0,14
NBASB522211-RED,SI,10,0
NBATS322241-GRY,SI,0,23
NBATS322239-BLK,NO,0,23
NBATS322237-BLU,SI,0,17
NBATS322236-GRN,SI,0,18
NBATS322235-PUR1,SI,0,23
NBATS322231-YEL,SI,0,25
NBATS322231-BLU,SI,0,14
NBATS322230-WHT,SI,0,21
NBASB522248-PUR,SI,5,0
NBASB522228-PUR,SI,4,0
NBASB522228-GRY,SI,4,0
81826U-LNK,NO,4,0
81826U-LNZ,NO,4,0
21275U-LMN,NO,4,0
21261U-CY2,NO,4,0
21261U-LMT,NO,4,0
21261U-LN5,NO,4,0
21261U-LN6,NO,4,0
21265U-LPY,NO,4,0
21277U-LMN,NO,4,0
21270U-LMN,NO,4,0
21297U-LMH,NO,4,0
21297U-LMZ,NO,4,0
MLBBX522223-NVY,SI,0,18
MLBBX522223-NVY1,SI,0,36
MLBCT622202-AQA,SI,2,25
MLBCT622202-BLK,SI,1,24
MLBCT622202-BLU,SI,0,24
MLBTS522206-BLK,SI,0,8
MLBHD522207-BLK3,SI,0,17
MLBHD522207-NVY,SI,0,11
MLBHD522207-BLK,SI,0,8
MLBSH522204-BLU,SI,0,18
MLBSH522204-NVY1,SI,0,20
MLBSH522204-NVY,SI,0,6
MLBPJ522204-NVY,SI,0,50
MLBPJ522203-BLU,SI,0,37
MLBSO522204-NVY,SI,0,50
MLBSO522203-GRY,SI,0,41
MLBSO522202-NVY,SI,0,53
MLBSO522201-BLK,SI,1,39
STTS52207-BLK,SI,27,0
STTS52206-BLK,SI,25,0
STTS52203-GRY,SI,27,0
STTS52203-NVY,SI,27,0
MLBFF522201-BLU,SI,35,0
MLBFF522201-RED,SI,36,1
MLBSL522201-NVY,SI,64,2
MLBSL522201-BLK,SI,72,2
MLBSL522201-BLU,SI,79,0
CCSO522201-BLK,SI,0,27
CCPJ522202-RED,SI,0,44
PSGPJ522203-BLK,SI,0,49
PSGSO522204-BLU,SI,0,4
PSGSO522203-WHT,SI,0,69
PSGSO522202-RED,SI,0,12
PSGSO522201-BLK,SI,0,18
NBABX522201-RED,SI,0,23
NBATS522245-NVY,SI,0,13
NBATS522245-BLU,SI,0,17
NBATS522244-BLK,SI,0,18
NBATS522243-BLK,SI,0,17
NBATS522242-WHT,SI,1,17
NBATS522241-BLK,SI,0,21
NBATS522241-GRY,SI,0,4
NBATS522239-BLU,NO,0,4
NBATS522239-BLK,SI,7,32
NBATS522238-RED1,SI,0,42
NBATS522238-BLK,SI,0,56
NBATS522238-RED,SI,0,52
NBATS522237-BLU,SI,0,24
NBATS522235-PUR,NO,0,24
NBASL522207-PUR,SI,65,1
NBASL522207-BLK,SI,69,8
PSGSL522202-BLU,SI,71,0
RMSL522201-BLU,SI,66,0
PSGSL522201-BLK,SI,79,9
NBASL522202-PUR,SI,39,0
NBASL522201-PUR,SI,37,0
NBASL522201-RED,SI,37,0
NBAPJ522203-BLK,SI,0,17
NBATS522232-BLU,SI,0,4
NBATS522231-YEL,NO,0,4
NBATS522231-BLU,SI,8,22
NBATS52224-BLK7,SI,0,24
PSGJS32203-GRY,SI,0,23
PSGTS32217-WHT2,SI,0,9
PSGTS32217-BLU3,SI,0,24
PSGTS32217-BLU2,SI,1,14
NBASO522204-YEL,SI,0,8
NBASO522204-GRY,SI,0,8
NBASO522203-PUR,SI,0,24
NBASO522203-BLK,SI,1,44
NBASO522202-WHT,SI,0,60
NBASO522202-LHB,SI,0,33
NBASO522202-RED,SI,0,4
NBASO522201-WHT1,SI,0,46
NBASO522201-GRN,SI,0,31
NBASO522201-WHT,SI,0,19
NBABX522206-RED,SI,0,47
NBABX522201-LHB,SI,0,23
NBABX522201-GRY,SI,0,23
NBABX522201-PUR,SI,0,23
PSGJS32201-BLK,SI,0,23
PSGJS32201-WHT,SI,0,7
PSGJS32201-BLU,SI,0,17
GYTS522201-GRN,SI,15,0
PSGTS32212-BLU1,SI,0,18
PSGTS32212-BLK,SI,12,17
PSGSH32201-BLK,SI,0,13
PSGSW32205-NVY,SI,0,23
PSGTS32209-NVY,SI,0,9
PSGTS32209-BLK,SI,0,9
PSGJP32201-BLK,SI,0,9
PSGJP32201-BLU,SI,0,13
PSGTT32201-BLU,SI,0,3
PSGHD32202-NVY,SI,0,5
CCSO522202-RED,SI,0,34
NFLJS322201-NVY,SI,0,20
NFLJS322201-RED1,SI,0,20
NFLTS322205-RED1,SI,0,22
NFLTS322205-NVY,SI,0,19
NFLTS322205-BUR,SI,0,22
NFLTS322205-BLK3,SI,0,22
STFSO522201-BLK,SI,0,50
NASSO522202-BLK,SI,0,35
NASSO522201-NVY,SI,0,45
FTGTS522202-GRY,SI,25,0
JVSH322201-WHT,SI,0,18
JVSH322201-BLK,SI,0,4
JVJS322202-WHT,SI,0,14
JVJS322201-BLK,SI,2,1
JVTS322202-BLK,SI,0,20
CNSO522202-NVY,SI,0,37
CNSO522201-LBL,SI,0,29
ACPJ522202-BLK,SI,0,32
PSGTS32208-BLK,SI,19,0
NBASH322203-BLK,SI,2,19
NBATS322204-BLK2,SI,1,19
NBATS322204-WHT,SI,1,16
NBATS322204-BLK,SI,0,18
NBATS322228-RED,SI,4,18
NBATS322228-YEL,SI,5,11
NBATS322223-BLU,SI,0,6
NBATS322223-GRN,SI,0,20
NBATS322223-YEL,SI,0,7
NBAHD523112-BLK3,SI,0,42
NBAHD523111-RED,SI,0,44
NBATS322202-WHT1,SI,0,10
NBATS321000-PUR2,SI,0,25
RMPL523102-NVY,SI,0,42
NBASH322204-BLK2,SI,0,20
NBASH322204-BLK1,SI,0,14
NBASH322204-BLK,SI,0,7
NBATS322223-BLK,SI,0,6
NBASH322222-BLK,SI,0,22
NBATS322222-BLK2,SI,0,25
NBATS322222-BLU,SI,0,23
NBATS322222-PUR,SI,0,3
NBATT322220-BLK2,SI,0,11
NBATT322220-BLK1,SI,3,0
ACSO522201-BLK,NO,3,0
ACBX522201-GRY,SI,0,21
UMJS523101-BLK,NO,0,21
UMJS523101-NVY,NO,0,21
UMJK523101-BLK,NO,0,21
UMJS523102-BLK,NO,0,21
UMJS523102-NVY,NO,0,21
21316U-LMN,NO,0,21
21274U-LMN,NO,0,21
21276U-LMN,NO,0,21
21278U-LMN,NO,0,21
21298U-LMH,NO,0,21
21298U-LMZ,NO,0,21
21317U-LMN,NO,0,21
21253U-LN5,NO,0,21
21309U-CBK,NO,0,21
21255U-LN5,NO,0,21
MLBTS520200-BLK5,SI,0,42
UMJS523102-GRY,NO,0,42
UMSH523101-NVY,NO,0,42
MLBHD622212-BLU,SI,0,25
MLBTT622211-RED,SI,0,26
MLBTT622211-WHT,SI,0,6
MLBTS622211-GRY,SI,0,18
MLBTS622211-PNK,SI,0,4
MLBCT622211-BLK,SI,0,21
MLBCT622211-WHT1,SI,0,15
MLBCT622211-GRY,SI,0,10
MLBTS622210-LHB1,SI,0,20
MLBTS622210-NVY,SI,0,19
MLBTS622210-LHB,SI,0,19
MLBPT622210-NVY,SI,0,26
MLBSBR622210-NVY,SI,0,22
MLBSH622201-LHB,SI,0,11
MLBSH622201-AQA,SI,0,11
MLBPT622201-NVY,SI,0,23
MLBPT622201-BLK,SI,0,17
MLBPT622201-GRY,SI,0,17
MLBSBR622201-BLK,SI,0,25
MLBCT622201-WHT,SI,0,18
ROCTS522201-GRY,SI,24,0
NASCT622203-BLK,SI,23,0
NASCT622202-WHT,SI,16,0
NASCT622202-BLK,SI,12,0
BUDTS622202-GRY,SI,9,0
NASTS522209-BLK,SI,17,0
NASTS522208-GRY,SI,5,0
NASTS522208-BGE,SI,5,0
MLBTS520201-BLK2,SI,0,42
MLBTS522210-BLK,SI,2,0
MLBTS522209-GRY,SI,0,19
MLBTS522209-RED,SI,0,15
MLBTS322202-NVY,SI,0,16
UMSH523103-BLK,NO,0,16
UMSH523103-TUR,NO,0,16
UMJS523104-TUR,NO,0,16
NBATT322202-YEL,SI,0,24
NBATS522230-BLK,SI,0,40
NBASW523108-BLK1,SI,0,70
NBASW523108-BLK2,SI,0,45
NFLTS522206-RED1,SI,7,18
NFLTS522206-RED,SI,0,12
NFLTS522206-BUR,SI,0,2
FIJS322201-BLU,SI,6,0
SOUTS522204-BLK,SI,5,0
FDHD522201-BLK,SI,10,0
FDTS522201-BLU,SI,3,0
NBATS322215-BLK3,SI,0,12
NBATS322215-BLK1,SI,0,7
NBATS322215-BLK,SI,0,7
DFLTS522203-BLK,SI,21,0
PFLTS622202-BLK,SI,11,0
PFLCT622202-BLK,SI,4,0
PFLCT622201-BLK,SI,7,0
PFLTS522203-BLK,SI,23,0
PFLTS522202-GRY,SI,18,0
PSGJS52207-GRY,SI,0,5
PSGJS52201-BLK,SI,0,15
PSGJS52201-BLU,SI,0,9
NBASH622210-BLK,SI,0,26
NBASH622210-RED,SI,0,23
NBATS622213-WHT,SI,0,26
NBATS622213-BLK,SI,0,26
NBACT622210-WHT1,SI,0,15
NBACT622210-WHT,SI,0,14
NBATS622212-BLK1,SI,0,21
JVPT522202-BLK,SI,0,14
MLBPT522209-BLK,SI,0,21
MLBPT522208-BLK1,SI,0,16
MLBPT522208-BLK,SI,0,17
MLBPT522208-BLU,SI,0,16
MLBHD522206-WHT,SI,0,13
MLBPT522206-NVY1,SI,0,12
MLBPT522206-BLK,SI,0,16
MLBPT522206-BLU,SI,0,12
MLBPT522206-NVY,SI,0,6
MLBHD522205-BLK,SI,0,13
NASTS522205-BLK,SI,5,0
NASHD522201-NVY,SI,20,0
NASHD522201-BLK,SI,8,0
NASTS522202-GRY,SI,9,0
NASTS522202-BLK,SI,5,0
LCPTS522206-BLK,SI,15,0
LCPTS522204-GRY,SI,23,0
LCPTS522204-RED,SI,24,0
LCPTS522202-WHT,SI,27,0
LCPTS522201-GRY,SI,28,0
LCPTS522201-WHT,SI,23,0
LCPTS522201-BLK,SI,23,0
BUDHD522201-RED,SI,17,0
PCCT622201-RED,SI,20,0
PCCT622201-WHT,SI,25,0
PCTS622201-WHT,SI,22,0
CNCT622202-LBL,SI,5,0
ATRTS622201-BLK,SI,17,0
ACCT622201-BLK,SI,8,0
ACTS622201-PUR,SI,4,0
ACTT622201-GRY,SI,2,0
ACTT622201-BLK,SI,4,0
ATRTS522209-RED,SI,27,0
MLBSH522205-NVY1,SI,0,6
MLBSH522205-BLU,SI,0,20
MLBTS522207-BLU,SI,0,6
MLBTS522207-RED,SI,2,5
MLBTS522207-GRY,SI,0,11
MLBTS522207-NVY,SI,2,6
LCPTS622201-PNK,SI,27,0
LCPTS622201-LBL,SI,21,0
LCPTS622201-BLK,SI,16,0
LLTS522206-BLK,SI,7,0
LLTS522202-LBL,SI,24,0
KISTS622203-GRY,SI,4,0
KISTS622203-BLK,SI,4,0
KISTS622201-BLK,SI,7,0
ATRTS522204-BLK,SI,25,0
ACHD522201-BLK,SI,15,0
ACTS522204-WHT,SI,23,0
ACTS522202-WHT,SI,26,0
ACTS522201-GRY,SI,24,0
MLBHD522204-BLU,SI,0,21
MLBTS522205-BLK,SI,5,0
MLBJS522202-BLK,SI,0,3
MLBJS522201-BLK,SI,0,10
MLBSH522202-BLU,SI,0,21
MLBPT522202-BLK1,SI,0,6
NBATS622212-BLK,SI,0,21
NBATS622202-LHB,SI,0,15
PSGSW52205-NVY,SI,0,18
PSGJP52201-BLK,SI,0,18
NBACT622201-PUR,SI,0,7
NBACT622201-BLK1,SI,0,27
NBACJK622202-RED,SI,0,18
NBACJK622202-BLK,SI,0,18
NBACHD622201-RED,SI,0,19
NBACHD622201-BLK,SI,0,14
NBALG622229-BLK,SI,0,20
NBALG622229-PUR,SI,0,25
NBASW622229-RED,SI,0,24
NBASW622229-LIC,SI,0,25
NBASW622229-PUR,SI,0,19
NBATS622229-BLK3,SI,0,24
NBATS622229-BLK1,SI,0,20
NBATS622229-BLK,SI,0,19
NBATS622223-LIC,SI,0,21
NBATS622223-LHB,SI,0,25
RMPL522201-BLK,SI,0,5
RMPL522201-WHT,SI,0,4
RMPL522201-NVY,SI,0,3
RMJK522202-BLU,SI,0,9
RMTS522201-GRY,SI,2,24
NFLTS522205-RED2,SI,0,21
NFLTS522205-RED1,SI,7,10
NFLTS522205-RED,SI,0,12
NFLTS522205-NVY1,SI,0,20
NFLTS522205-BLK7,SI,0,17
NFLTS522205-BLK5,SI,10,15
NFLTS522205-BLK2,SI,0,7
CCTS522204-RED,SI,8,0
CCTS522202-BLK,SI,26,0
BABTS522201-GRY,SI,22,0
BABTS522201-BLK,SI,9,0
NBASW522213-YEL,SI,0,7
NBATS522215-BLK3,SI,0,12
NBAHD522212-PUR,SI,0,8
NBAHD522212-RED,SI,0,4
NBAJK522210-BLK1,SI,0,13
NBAJK522210-PUR,SI,0,2
NBAHD522210-RED,SI,0,20
NBASW522210-BLK2,SI,0,17
NBASW522210-BLK1,SI,0,13
NBASW522210-BLK,SI,0,8
NBATS522205-WHT2,SI,0,28
NBATS522205-PUR2,SI,0,25
NBATS522205-BLK3,SI,0,7
NBATS522205-BLK2,SI,0,19
NBATS522205-PUR,SI,0,9
NBATS522205-RED,SI,0,23
NBATS522205-WHT,SI,0,27
NBATS522205-BLK,SI,0,30
NBATT522202-YEL,SI,0,20
NBATT522202-BLK3,SI,0,17
NBATT522202-BLK1,SI,0,19
NBATT522202-BLK,SI,0,19
NBATS522202-YEL,SI,0,8
NBATS522202-WHT2,SI,0,19
NBATS522202-WHT1,SI,0,16
NBATS522202-WHT,SI,0,16
NBATS522202-RED,SI,0,20
NBATS522202-PUR1,SI,0,11
NBATS522202-PUR,SI,0,19
NBATS522202-ORG,SI,0,10
NBATS522202-LHB,SI,0,11
NBATS522201-YEL,SI,0,6
NBASW522202-BLK4,SI,0,11
NBASW522202-BLK3,SI,0,16
NBASW522202-BLK2,SI,0,8
NBASW522202-BLK1,SI,0,10
NBASW522202-BLK,SI,0,13
NBASH522204-YEL,SI,0,15
NBASH522204-BLK3,SI,0,12
NBASH522204-BLK1,SI,0,22
NBASH522204-BLK,SI,0,22
NBASH522201-YEL,SI,0,9
NBASH522201-WHT,SI,0,20
NBASH522201-RED,SI,0,16
NBASH522201-PUR1,SI,0,18
NBASH522201-PUR,SI,0,19
NBASH522201-BLK1,SI,0,24
NBASH522201-BLK,SI,0,10
NBAPT522204-GRY,SI,0,15
NBAPT522202-GRY1,SI,0,15
NBAPT522202-GRY,SI,0,17
NBAPT522202-BLK2,SI,0,15
NBAPT522201-BLK2,SI,0,17
NBAJK522202-RED,SI,0,10
NBAJK522202-PUR,SI,0,10
NBAHD522206-PUR,SI,0,17
MLBSW522201-BLK,SI,0,21
MLBTS522204-NVY,SI,0,7
MLBTS522203-NVY,SI,0,17
MLBTS522203-BLK1,SI,0,6
MLBTS522203-BLK,SI,0,7
MLBSH522201-BLK,SI,0,19
MLBSH522201-BLU,SI,0,19
MLBPT522201-NVY,SI,0,20
MLBHD522202-NVY,SI,0,16
MLBHD522201-NVY1,SI,0,14
MLBHD522201-NVY,SI,0,2
BCSH522201-RED,SI,0,21
BCTS522201-NVY,SI,1,21
BCSH322201-RED,SI,0,23
BCPT322201-NVY,SI,0,8
BCBX522209-RED,SI,0,50
LLSH522202-BLK,SI,25,0
BUDSH522201-BLK,SI,21,0
KISCT622202-WHT,SI,7,0
KISCT622201-BLK,SI,7,0
KISTS522202-BLK,NO,7,0
KISTS522201-BLK,SI,0,9
STFTS522204-GRN,SI,5,0
STFTS522203-BLK,SI,28,0
STFTS522202-BLK,SI,11,0
STFTS522202-GRN,SI,3,0
STFTS522201-BLK,SI,39,0
MLBTS522201-BLK1,SI,0,5
MLBTS522201-NVY,SI,6,0
MLBTS522201-BLU,SI,0,8
MLBTS522201-BLK,SI,17,0
JVPL522201-BLK,SI,0,20
JVSH522201-WHT,SI,0,24
JVSH522201-BLK,SI,0,25
JVJS522201-BLK,SI,0,13
JVTS522201-BLK,SI,1,9
BCPT522202-BLK,SI,0,7
BCHD522202-BLK,SI,0,7
OLHJS52201-RED,NO,0,7
NBAHD522201-BLK,SI,0,11
NBATT522222-GRN,SI,0,7
NBATT522222-PUR1,SI,0,20
NBALS522202-BLK3,SI,0,3
NBALS522202-GRY2,SI,0,11
NBASH522203-BLK3,SI,0,11
NBASH522203-BUR,SI,0,24
NBASH522203-BLK1,SI,4,1
NBASH522203-BLK,SI,8,0
NBAHD522205-BUR,SI,0,10
NBAHD522205-BLK3,SI,7,25
NBAHD522205-BLK2,SI,4,0
NBAHD522205-RED,SI,4,0
NBAHD522205-BLK,SI,5,0
NBAHD522205-GRY,SI,2,20
NBATS522204-WHT1,SI,7,0
NBATS522204-PUR,SI,3,3
NBATS522204-RED,SI,4,0
NBASH522224-BLK4,SI,2,1
NBASH522224-BLK3,SI,0,14
NBASH522224-BLK,SI,3,2
NBAHD522222-BLK5,SI,0,9
NBATT522221-BLK3,SI,0,20
NBATT522221-BLK2,SI,0,15
NBATS522226-BLK1,SI,0,14
NBATS522225-BLK1,SI,0,5
NBATS522225-BLK,SI,0,5
NBATS522227-BLK1,SI,0,10
NBATS522227-RED,SI,0,3
NBATS522227-BLK,SI,0,12
NBATS522224-BLK2,SI,6,0
NBATS522224-PUR,SI,6,0
NBAHD522221-YEL,SI,0,18
NFLTS522204-BLK3,SI,0,27
NFLTS522204-BLK1,SI,0,25
NFLTS522203-BLK1,SI,0,24
NFLTS522203-BLK,SI,0,25
NFLTS522202-BLK4,SI,0,10
NFLTS522202-BLK3,SI,0,20
NFLTS522202-BLK1,SI,0,23
NFLTS522202-BLK,SI,0,13
NFLPT522202-BLK5,SI,0,17
NFLPT522202-BLK4,SI,0,17
NFLPT522202-BLK3,SI,0,17
NFLPT522201-GRN2,SI,0,7
NFLJS522201-RED1,SI,0,10
NFLJS522201-RED,SI,0,16
NFLJS522201-BLK1,SI,0,21
NFLJS522201-AQA,SI,0,22
NFLJK522202-BLK6,SI,0,17
NFLJK522202-BLK5,SI,0,17
NBAHD522221-BLK2,SI,2,25
NBAHD522221-RED,SI,0,21
NBATS522223-BLK1,SI,0,2
NBATS522223-PUR,SI,0,2
NBATS522223-RED,SI,0,2
NBAPT522220-BLK3,SI,0,20
NBAPT522220-BLK1,SI,1,3
NBAPT522220-NVY,SI,1,3
NBAHD522220-RED,SI,0,19
NBAHD522220-BLK2,SI,1,6
NBAHD522220-NVY,SI,1,15
NBAHD522220-PUR,SI,1,9
NBATS522222-BLK2,SI,0,2
NBATS522222-BLK1,SI,7,0
NBATS522222-BLK,SI,0,9
NBATS522222-BLU,SI,4,0
NBATS522222-PUR,SI,0,2
NBASH522221-BLU,SI,0,10
NBASH522221-BLK2,SI,0,11
NBASH522221-BLK,SI,6,0
NBATT522220-BLU,SI,0,11
NBATT522220-BLK,SI,5,1
NBASH522220-BLK4,SI,3,0
NBASH522220-BLK2,SI,6,1
NBASH522220-BLK,SI,6,1
NBATS522221-WHT1,SI,0,2
NBATS522221-GRY,SI,0,22
NBATS522221-WHT,SI,0,4
NBATS522221-BLK,SI,0,3
NBATS522221-YEL,SI,0,15
NBATS522220-GRN,SI,0,13
NBATS522220-BLK3,SI,0,4
NBATS522220-LHB,SI,3,4
NBATS522220-BLK2,SI,0,6
NBATS522220-PUR,SI,6,4
NBATS522220-BLK1,SI,6,6
NBATS522220-BUR,SI,0,6
NBATS522220-BLK,SI,0,10
RMPT322201-NVY,SI,0,19
RMHD322201-BLU,SI,0,9
RMJS322202-BLK,SI,0,11
RMJS322201-WHT,SI,3,0
RMTS322201-NVY,SI,0,7
CCSH522202-NVY,SI,21,0
NFLJK522202-BLK4,SI,0,17
NFLJK522202-BLK3,SI,0,17
NFLJK522202-BLK,SI,0,17
NFLJK522201-GRN2,SI,0,7
NFLHD522203-NVY,SI,0,8
NFLHD522203-BUR,SI,0,17
NFLHD522203-BLK2,SI,0,13
NFLHD522201-BLK,SI,14,0
NBABX522209-RED,SI,0,50
NBABX522209-RED1,SI,0,41
NBABX522209-PUR,SI,0,46
CCBX522206-RED,SI,0,50
NBAPJ522205-YEL,SI,0,50
NBAPJ522205-RED,SI,0,42
PSGPJ522204-GRY,SI,0,49
PSGBX522230-RED,SI,0,41
FIJS622209-YEL,SI,5,0
FIJS622209-LHB,SI,8,0
FIJS322204-YEL,SI,7,0
FIJS322204-LHB,SI,4,0
FIJS322203-NVY2,SI,6,0
FITS522208-WHT2,SI,3,0
FITS522208-NVY,SI,4,0
FITS522207-YEL,SI,6,0
FITS522207-LHB,SI,5,0
FIJS622204-YEL,SI,4,0
FIJS622204-LHB,SI,12,0
FIJS522205-YEL,SI,4,0
FIJS522205-LHB,SI,0,27
CH171BZWH612O6,NO,0,27
CH171BZBK612O6,NO,0,27
CH2238YA4612O6,NO,0,27
FIJS522204-NVY,SI,6,0
FIJS522204-WHT,SI,9,0
FIJS522204-YEL,SI,3,0
CABBA9ASE,NO,3,0
NBACS32202-BLK,SI,18,0
NBAHD32210-PUR,SI,6,0
NBASW32208-BLK,SI,19,0
NBASW32208-RED,SI,19,0
NBASW32208-BLK2,SI,10,0
NBASW32208-PUR,SI,9,0
NBASW32208-GRY4,SI,19,0
NBASW32208-BLU,SI,19,0
NBATS32210-BLK3,NO,19,0
NBASB521257-PNK,SI,28,0
NBASB521257-PNK2,SI,28,0
NBASB521257-PNK3,SI,28,0
NBASB521257-PNK4,SI,7,0
NBASB521257-PNK5,SI,7,0
NBASB521257-PNK6,SI,7,0
NBATS32210-BLK,NO,7,0
NBATS32210-BLK5,SI,7,0
NBATS32209-PUR,NO,7,0
NBATS32208-BLK5,NO,7,0
NBATS32208-BLK4,NO,7,0
PSGTS52212-BLU1,SI,0,15
OLHJS52202-WHT,NO,0,15
BCPJ522203-NVY,SI,0,49
PCBX522203-LBL,SI,0,49
PCPJ522203-NVY,SI,0,49
MLBTS520201-NVY2,SI,39,29
MLBTS520201-WHT,SI,9,84
PSGSB52201-NVY,SI,0,9
PSGSB32207-BLK,SI,0,6
RMSB32205-BLU,SI,6,0
NBASB52211-BLK,SI,2,0
NBASB52207-BLK,SI,12,0
NBASB52206-BLK1,SI,10,0
NBASB52206-BLK,SI,10,0
NBASB321201-PUR,SI,3,0
NBATS321424-YLW,SI,36,0
NBATS321424-BLK3,SI,17,0
NBATS321424-BLK,SI,35,0
NBAPJ32203-PUR,NO,35,0
NBASB52215-RED,SI,5,0
NBASB52214-PUR,SI,4,0
NBASB52214-RED,SI,4,0
NBASB52257-PUR,SI,10,0
NBASB52257-RED,SI,19,0
NBASB52256-GRY1,SI,9,0
NBASB52256-GRY,SI,9,0
NBASB52255-BLK4,SI,6,0
NBABC52213-PUR,SI,6,0
NASSL52201-BLK,SI,55,0
NBABC52213-RED,SI,6,0
NBABN52217-BLK4,SI,16,0
NBABN52217-BLK3,SI,5,0
NBABN52217-BLK2,SI,5,0
NBABN52217-BLK1,SI,22,0
NBABN52217-BLK,SI,22,0
NBASB52257-BUR,SI,7,0
NBASB52265-YEL,SI,12,0
NBASB52265-RED,SI,15,0
NBASB52264-GRY,SI,6,0
NBASB52264-GRN,SI,6,0
NBASB52264-PUR,SI,11,0
NBASB52264-RED,SI,12,0
NBASB52255-BLK3,SI,6,0
NBASB52255-BLK2,SI,6,0
NBASB52255-BLK1,SI,8,0
NBASB52255-BLK,SI,15,0
NBASB52254-GRN,SI,8,0
NBASB52254-BUR,SI,5,0
NBASB52254-BLK,SI,8,0
NBASB52254-RED,SI,7,0
NBABC52212-GRY,SI,4,0
NBABC52212-BLK,SI,4,0
NBABC52212-YEL,SI,5,0
NBABC52212-RED,SI,5,0
NBASB52253-GRN,SI,6,0
NBASB52253-BLU,SI,7,0
BCSB32201-NVY,SI,0,8
NBASB52253-RED,SI,4,0
NBASB52251-GRY,SI,6,0
NBASB52251-GRN,SI,6,0
NBASB52251-ORG,SI,5,0
NBASB52251-YEL,SI,10,0
NBASB52251-RED,SI,7,0
NBASB52249-WHT3,SI,8,0
NBASB52249-WHT2,SI,6,0
NBASB52249-WHT,SI,8,0
NBABC52209-BLU,SI,4,0
NBABC52209-BLK3,SI,6,0
NBABC52209-BLK1,SI,6,0
NBABC52209-BLK,SI,6,0
NBASB52236-BLK3,SI,5,0
NBASB52236-BLU,SI,8,0
NBASB52236-BLK2,SI,7,0
NBASB52236-BLK1,SI,3,0
NASSL52201-BLK1,SI,78,9
MLBPJ32203-GRY,NO,78,9
BUDCS2202-NVY,SI,69,0
MLBHD32001-NVY,SI,15,0
NBASB52260-BLK3,SI,8,0
NBASB52260-BLK,SI,2,0
NBABC52214-WHT,SI,10,0
NBABC52214-TUR,SI,6,0
NBABC52214-PUR,SI,10,0
NBABC52214-RED,SI,12,0
NBABN52218-BLK1,SI,4,0
NBABN52218-PUR,SI,4,0
NBABN52218-BLK,SI,18,0
NBASB52258-TUR,SI,5,0
NBASB52243-BLK2,SI,6,0
NBASB52242-BLK2,SI,6,0
NBASB52242-BLK1,SI,2,0
NBABN52213-PUR,SI,1,0
NBASB52236-BLK,SI,5,0
NBABN52214-PUR,SI,5,0
NBABN52214-RED,SI,6,0
NBASB52244-BLK4,SI,34,0
NBASB52244-BLK3,SI,8,0
NBASB52244-BLK2,SI,30,0
NBASB52244-YEL,SI,7,0
NBASB52244-RED,SI,9,0
NBABC52216-GRY,SI,10,0
NBABC52216-GRN,SI,8,0
NBABC52216-PUR,SI,10,0
NBABC52216-RED,SI,12,0
NBABN52220-GRY,SI,3,0
NBABN52220-PUR,SI,6,0
NBABN52220-RED,SI,6,0
NBASB52266-WHT1,SI,5,0
NBASB52266-WHT,SI,6,0
NBASB52265-GRY,SI,8,0
NBASB52265-GRN,SI,6,0
RMPJ52203-NVY,SI,9,0
NBAPJ52203-GRY,SI,9,0
NBABN52212-PUR,SI,5,0
NBABN52212-GRY,SI,4,0
NBABN52212-RED,SI,5,0
NBASB52234-BLU,SI,8,0
NBASB52234-GRN,SI,3,0
NBASB52234-PUR,SI,6,0
NBASB52233-PUR,SI,10,0
NBABN52211-PUR,SI,2,0
NBABN52210-GRN,SI,3,0
NBABN52210-GRY,SI,3,0
NBABN52210-RED1,SI,3,0
NBABN52210-PUR,SI,5,0
JVPJ52203-BLK,SI,19,0
BCPJ52203-NVY,SI,9,0
BCPJ52206-NVY,SI,9,0
STFSB52202-BLK,SI,10,0
STFBN52201-BLK,SI,5,0
PCSB52204-NVY,SI,15,0
PCSB52201-BLK,SI,11,0
PCFF52201-BLK,SI,61,0
CORFF52201-NVY,SI,63,0
CORCS52202-YEL,SI,64,0
CORSL52201-NVY,SI,99,0
NASCS52202-BLK,SI,79,0
NASCS52201-BLK,SI,44,0
NASSL52202-NVY,SI,66,0
BUDSL2202-RED,SI,66,0
BUDFF52201-NVY,SI,64,0
JVJS32204-BLK,SI,13,0
BUDSB52202-GRY,SI,12,0
ATASB52203-BLK,SI,10,0
ATASB52201-WHT,SI,14,0
PCBN52201-GRY,SI,8,0
NASSB52204-BLK,SI,4,0
NASSB52202-GRY,SI,8,0
NASBN52201-BLK,SI,6,0
GYSB52201-BLK,SI,8,0
GYBN52201-BLK,SI,4,0
CORSB52205-NVY,SI,10,0
CORSB52201-NVY,SI,11,0
CORBN52201-NVY,SI,6,0
NBABN52210-RED,SI,4,0
NBASB52230-PUR,SI,10,0
NBASB52230-BLK,SI,10,0
NBASB52229-PUR,SI,2,0
NBASB52229-BLK,SI,2,0
NBASB52228-PUR,SI,20,0
NBASB52228-RED,SI,26,0
NBASB52227-GRY,SI,5,0
NBASB52227-PUR,SI,6,0
NBASB52227-RED,SI,6,0
NBASB52225-RED1,SI,2,0
NBASB52225-BLU,SI,6,0
NBASB52225-GRY,SI,5,0
NBASB52225-RED,SI,8,0
NBASB52225-PUR,SI,8,0
NBASB52223-BLK3,SI,10,0
NBASB52223-BLK1,SI,8,0
NBASB52221-GRY1,SI,8,0
NBASB52221-PUR,SI,8,0
SOPPJ52203-NVY,SI,22,0
NBAPJ52204-GRN,SI,19,0
RMPJ52205-NVY,SI,27,0
NBAPJ52205-BLK2,SI,9,0
RMPJ52206-NVY,SI,9,0
NBAPJ52206-GRN,SI,24,0
ROCSB52202-GRY,SI,4,0
ROCBN52201-BLK,SI,2,0
SOUBN52203-BLK,SI,3,0
SOUBN52201-BLK,SI,7,0
PWSB52202-NVY,SI,6,0
NIRSB52204-BLK,SI,5,0
NIRBN52201-BLK,SI,8,0
COCSB52211-RED,SI,9,0
COCSB52204-BLK,SI,9,0
COCBN52201-BLK,SI,6,0
COCSB52202-WHT,SI,13,0
NBASB52220-LBL4,SI,6,0
NBASB52220-LBL3,SI,6,0
NBASB52220-LBL1,SI,6,0
NBASB52219-BLU,SI,5,0
NBASB52218-GRN,SI,8,0
NBASB52218-RED,SI,16,0
NBASB52218-PUR,SI,10,0
NBATS521000-PUR2,SI,39,21
NBATS521000-BLK8,SI,40,12
NBATS521000-GRN2,SI,27,21
NBATS521000-BLK6,SI,9,0
NBACT62213-BLK,SI,14,31
NBACT62213-BLK2,SI,0,42
NBACT62213-BLK3,SI,24,0
NBACT62213-BLK4,SI,22,32
NBACT62213-PUR,SI,19,31
NBACT62213-RED,SI,13,0
NBACT62213-YEL,SI,14,32
NBATT52205-BLU2,SI,32,0
NBATT52205-RED,SI,1,75
NFLTS521000-BLK3,SI,1,11
FTCT62202-ORG,SI,17,0
FTCT62202-GRN,SI,16,0
COCCT62206-RED,SI,18,0
COCCT62206-WHT,SI,19,0
COCTS62204-BLK,SI,11,0
NIRHD52202-BLK,SI,3,0
FTTS62205-LBL,SI,19,0
COTS62203-PNK,SI,23,0
NBASB521251-GRY,SI,10,0
NBASB521252-BLK,SI,14,0
NBASB521248-WHT,SI,4,0
NBASB521253-BLK,SI,2,0
NBASB521254-RED,SI,4,0
BUDSB52211-NVY,SI,10,0
BUDSB52209-GRY,SI,18,0
MLBCT62209-NVY,SI,12,0
MLBCT62209-GRY,SI,15,0
ATABN52201-BLK,SI,6,0
MLBSW52205-BLU,SI,25,0
NASCT62206-WHT,SI,19,0
NASCT62206-BLK,SI,19,0
ATRTS62201-BLK,SI,26,0
NASTS62203-BLK,SI,20,0
NASTS62203-WHT,SI,22,0
ATRTS52201-BLK,SI,18,0
GFTS52203-BLK,SI,21,0
NASTS52205-WHT,SI,7,0
NASTS52205-GRY,SI,7,0
GYTS52204-GRY,SI,18,0
CNTS52206-WHT,SI,20,0
CNTS52206-NVY,SI,20,0
BUDTS52206-RED,SI,26,0
SPTS622012-GRN,SI,27,0
ALGKJS52201-BLU,NO,27,0
UMSO52101-WHT,NO,27,0
GG-OGP-RUB-5KG,SI,7,0
MLBTS520201-BLK,SI,3,40
MLBTS520201-GRY,SI,0,52
MLBTS520201-NVY3,SI,49,44
AGJK52117-BLK,NO,49,44
MUNJK52117-BLK,NO,49,44
UMJKTG02-FUC,NO,49,44
UMJKTG02-AQU,NO,49,44
JVST2007-BLK,SI,20,0
LVST2007-RED,SI,24,0
AMST2007-RED,NO,24,0
RMSH318202-NVY,NO,24,0
64704U-EH2,NO,24,0
TFPJ318107-NVY,SI,5,0
SWTS318333-BLK,SI,7,0
RMSH518402-NVY,NO,7,0
LFES18313-GRY,SI,8,0
UMSO317203-GRN,NO,8,0
UM18501-GRN,NO,8,0
UM18501-ORG,NO,8,0
HHC-UMBK-S,NO,8,0
85996U-HMP,NO,8,0
65835U-060,NO,8,0
MLBFF518401-NVY,SI,22,1
NFLTS32057-RED,SI,5,0
MLBTS320119-NVY,SI,3,0
86144U-JLQY,NO,3,0
86144U-JSCY,NO,3,0
86144U-JLQ,NO,3,0
86214U-C97,NO,3,0
BCSH32074-NVY,SI,24,0
GT23HY06794031,NO,24,0
30811U-JP4,NO,24,0
86215U-572,NO,24,0
JVJS32056-BLK,SI,12,0
BCJS32056-NVY,SI,6,0
BCJS32058-BLU,SI,24,0
BCJS32058-NVY,SI,20,0
BCSH32060-NVY,SI,24,0
GG-EKW,SI,13,0
GG-SBENCH-20,SI,6,0
GG-RHD-20LB,SI,20,0
GG-NDB-1KG,SI,84,0
GG-NDB-2KG,SI,94,0
GG-NDB-3KG,SI,43,0
GG-NDB-5KG,SI,10,0
GG-NDB-6KG,SI,6,0
GG-KB-5LB,SI,10,0
GG-PLKB-5LB,SI,42,0
GG-PLKB-10LB,SI,35,0
GG-PLKB-15LB,SI,32,0
GG-PLKB-20LB,SI,15,0
GG-PLKB-25LB,SI,9,0
GG-BBAR-4.6FEET,SI,19,0
GG-OGP-RUB-10KG,SI,6,0
GG-OGP-RUB-15KG,SI,5,0
GG-SWP-2.5KG,SI,27,0
GG-SWP-10KG,SI,12,0
GG-WSSTRAP-M,NO,12,0
GG-LADGLO-M/L,SI,9,0
GG-LADGLO-L/XL,SI,15,0
GG-SROPE1,SI,59,0
GG-SROPE2,SI,32,0
GG-SROPE5,SI,10,0
GG-DEW,SI,34,0
GG-ABROLLER,SI,10,0
GG-POWABROLL,SI,8,0
GG-PTUBE-UL,SI,25,0
GG-PTUBE-L,SI,25,0
GG-PTUBE-M,SI,25,0
GG-PTUBE-H-YEL,NO,25,0
GG-PTUBE-U,SI,17,0
GG-SBAND-UL,SI,10,0
GG-SBAND-L,SI,16,0
GG-SBAND-M,SI,16,0
GG-SBAND-H,SI,16,0
GG-LLOOP-UL,SI,60,0
GG-LLOOP-L,SI,60,0
GG-LLOOP-M,SI,60,0
GG-LLOOP-H,SI,60,0
GG-MBANW-UL,SI,24,0
GG-MBANW-L,SI,60,0
GG-MBANWSET,NO,60,0
GG-15KG2PCSDSET,SI,5,0
GG-10KGDSETCASEA,SI,5,0
GG-20LBDSETCASEA,SI,9,0
GG-18KGDSETCASE,SI,4,0
GG-50KGDSETCASE-A,SI,5,0
GG-AB65-G,SI,7,0
GG-YM3,SI,90,0
GG-YM6,SI,7,0
GG-YM10-2TONE,SI,13,0
GG-SROPE-G,SI,185,0
GG-CJR,SI,20,0
GG-CLJR,SI,17,0
GG-LJR,SI,30,0
GG-SROPE4,SI,53,0
MLBTS62101-WHT,SI,3,0
GG-PBAND-UL,SI,7,0
GG-PBAND-L,SI,7,0
05-0412GG,SI,4,0
05-0413GG,NO,4,0
05-0414GG,NO,4,0
GG-MFDGYM,SI,10,0
GG-PUBARS,SI,25,0
WGGPUBY12,SI,7,0
GG-CHGRIPS,SI,20,0
HHG-GG001-2,SI,20,0
HHA-GG020A,SI,9,0
WGGSTP13,SI,30,0
GT23H5862220XS,NO,30,0
G856HY07689G61,NO,30,0
GT22HY07718031,NO,30,0
8083CBNVY,NO,30,0
NFLTS52101-AQU,SI,19,0
NFLJS521000-NVY,SI,12,53
NFLJS521000-AQU,SI,28,0
NFLJS521000-BLK,SI,8,11
NFLJS521000-BLK2,SI,11,50
NFLJS521000-BLK3,SI,8,14
NFLJS521000-TEA,SI,0,22
NFLJS521000-RED,SI,30,5
NFLJS521000-RED2,SI,11,48
NFLJS521000-RED3,SI,14,35
NFLJS32058-BLK,SI,8,0
GG-MSHT-145-80,NO,8,0
GG-CTOW-30-100-LG,NO,8,0
GG-CTOW-30-100-LM,NO,8,0
GG-RD-5LB,SI,27,0
GG-RD-10LB,SI,5,0
GG-RD-20LB,SI,9,0
ESJS32101-ROY,NO,9,0
ESJS52105-BLK,NO,9,0
JMSH52101-BLK,NO,9,0
CASB52111-YEL,NO,9,0
CASB52114-NVY,NO,9,0
CASB52115-YEL,NO,9,0
MLBTS62101-NVY,SI,5,0
CATS52111-BLK,NO,5,0
CATS52130-NVY,NO,5,0
CAHD52103-BLK,NO,5,0
CAHD52104-NVY,NO,5,0
CAJS52101-YEL,NO,5,0
CAJS52102-RED,NO,5,0
CAJS52104-WHT,NO,5,0
CAJS52104-NVY,NO,5,0
CAJS52105-YEL,NO,5,0
CAJS52106-LHB,NO,5,0
CAJS52107-YEL,NO,5,0
CASH52107-NVY,NO,5,0
CAPT52107-NVY,NO,5,0
GF88HY067940OC,NO,5,0
UFTS52117-RED,NO,5,0
UFTS52102-BLK,NO,5,0
UFTS52105-RED,NO,5,0
UFJS52114-WHT,NO,5,0
UFJS52116-RED,NO,5,0
UFJS52113-BLU,NO,5,0
UFJS52112-RED,NO,5,0
UFJS52115-BLU,NO,5,0
UFJS52111-WHT,NO,5,0
UFSH52111-BLK,NO,5,0
UFJS52101-BLK,NO,5,0
8083CBWHT,NO,5,0
GF22H5862291IC,NO,5,0
GF22H586229BKC,NO,5,0
WL659549302031,NO,5,0
NBAHD321001-RED,SI,18,0
NBACT621230-BLU2,SI,22,0
NBAHD321001-YEL,SI,18,0
NBATT52147-GRY,SI,13,0
NBATT52147-BLU,SI,13,0
NBATS321582-WHT,SI,15,0
NBATS320471-WHT,SI,4,0
NBATS320471-RED,SI,2,0
NBATS52147-BLK3,SI,4,0
NBATS521825-BLU2,SI,2,0
NBATS521810-BLK,SI,1,4
NBATT521815-BLK3,NO,1,4
NBAHD521812-BLK,SI,0,2
NBAHD321001-BLK,SI,19,0
NBASB521243-WHT2,SI,5,0
NBASB521243-WHT3,SI,6,0
NBASB521245-BLK4,SI,3,0
NBASB521245-BLK1,SI,6,0
NBASB521245-BLK2,SI,5,0
NBASB521245-BLK3,SI,7,0
NBASB521244-GRY,SI,5,0
NBASB521244-GRN,SI,5,0
NBASB521244-BLK1,SI,9,0
SOPPJ52107-BLK,SI,18,0
SOPPJ52103-BLU,SI,14,0
SOPPJ52101-BLU,SI,12,0
COCPJ52108-BLK,SI,3,0
COCPJ52105-GRN,SI,14,0
COCPJ52106-BLK,SI,7,0
COCPJ52104-GRN,SI,22,0
GJPJ52103-GRY,SI,11,0
GJPJ52101-GRY,SI,18,0
NBASB521243-WHT4,SI,5,0
NBASB521243-BLU,SI,5,0
NBASB521243-WHT5,SI,6,0
NBASB521243-WHT1,SI,5,0
NBASB521242-BLK3,SI,5,0
NBASB521242-BLK4,SI,3,0
NBASB521242-BLK5,SI,4,0
NBASB521242-BLK6,SI,6,0
NBASB521242-BLK2,SI,57,0
NBASB521238-PUR,SI,20,0
NBASB521232-BLK,SI,2,0
NBASB521225-RED2,SI,5,0
NBASB521225-BLU,SI,5,0
NBASB521225-BLK3,SI,3,0
NBASB521224-BLK2,SI,7,0
NBASB521223-PUR,SI,12,0
SOPHD52101-BLK,SI,11,0
NIRTS62108-BLK,SI,13,0
NIRTS62102-PNK,SI,13,0
NIRTS62103-WHT,SI,4,0
NIRCT62108-WHT,SI,15,0
NBASB521216-BLK,SI,7,0
NBASB521216-WHT,SI,3,0
NBASB521215-BLK,SI,7,0
NBASB52115-RED,SI,8,0
NBASB521215-BLK2,SI,9,0
NBASB521215-BLK4,SI,12,0
NBASB521214-GRY6,SI,8,0
NBASB521215-PUR,SI,11,0
NBASB521215-YEL,SI,6,0
JVHD32157-BLK,SI,4,0
JVJS32154-NVY,SI,25,0
JVJS32151-WHT,SI,26,0
JVSB52167-BLK,SI,27,0
KISBX52102-DGRY,SI,40,0
GFPJ52102-RED,SI,35,0
GFPPJ52103-BLU2,SI,38,0
GFPPJ52101-BLU2,SI,15,0
GFPPJ52102-BLU2,SI,20,0
SMPPJ52103-NVY,SI,17,0
SMPPJ52101-NVY,SI,17,0
NASPJ52104-BLU,SI,19,0
NASPJ52101-BLK,SI,15,0
KISPJ52101-BLK,SI,19,0
ACPJ52101-BLK,SI,14,0
ACPJ52102-BLK,SI,4,0
CORSO52102-BLU,NO,4,0
NASSO52105-BLU,SI,12,0
KISO52102-BLU,SI,14,0
NASPT52104-BLK,SI,12,0
NASHD52104-BLK,SI,6,0
NASHD52104-GRY,SI,3,0
SMHD621201-GRY,SI,16,0
SMSW621201-GRN,SI,26,0
MLBTS320200-NVY,SI,30,34
MLBSH520201-NVY,SI,17,25
MLBTS320200-BLU,SI,15,13
MLBTS320200-NVY2,SI,15,1
MLBTS320200-BLK,SI,11,21
MLBTS320200-WHT,SI,0,35
BCSL52012-NVY,SI,44,0
GFSH52101-GRY,SI,24,0
GFSH52101-BLK,SI,23,0
GFBX52101-GRY,SI,68,0
GFBX52102-BLU,SI,56,0
STBX52102-BLK,SI,45,0
ACBX52102-BLK,SI,18,0
ACBX52101-BLK,SI,55,0
SMSW621201-BLK,SI,21,0
SMHD621201-BLU,SI,25,0
SMTS621204-GRY,NO,25,0
SMTS621205-NVY,NO,25,0
SMTS621201-PUR,NO,25,0
SMCT621201-WHT,SI,4,0
SMTS521206-NVY,SI,19,0
GFHD52101-BLK,SI,9,0
GFHD52101-WHT,NO,9,0
GFHD52103-BLK,SI,25,0
GFTS52104-BLK,SI,17,0
GFTS52104-BLU,SI,15,0
GFTS52106-BLK,SI,8,0
GFTS52101-WHT,SI,13,0
GFTS52101-GRY,SI,3,0
GFTS52103-BLK,SI,9,0
GFTS52103-GRY,SI,10,0
GFTS52102-NVY,SI,9,0
GFTS52102-BLK,SI,16,0
CORSB52101-WHT,SI,4,0
BUDSB52101-RED,SI,4,0
BUDSB52101-BLK,SI,6,0
GODSB52101-BLK,SI,3,0
ACTS62102-BLK,NO,3,0
ACCT62101-WHT,NO,3,0
ACCT62101-BLK,NO,3,0
JLTS62103-WHT,SI,10,0
CBTS62106-WHT,SI,10,0
JLTS62101-PNK,SI,18,0
JLTS62101-PUR,SI,27,0
WKTS52101-WHT,SI,15,0
BCSB52149-BLU,SI,28,0
BCSB52149-RED,SI,19,0
NBASB521215-BLU,SI,13,0
NBASB521214-GRY,SI,3,0
NBASB521214-GRY2,SI,5,0
NBASB521214-GRY3,SI,7,0
NBASB521214-GRY4,SI,8,0
NBASB521213-GRY,SI,2,0
NBASB521212-PUR,SI,7,0
NBASB521212-BLK,SI,8,0
NBASB521212-GRY,SI,8,0
NBASB521211-BLK2,SI,2,0
NBASB521211-PUR,SI,2,0
NBASB521210-YEL,SI,7,0
NBASB521210-BLU,SI,6,0
NBASB521210-BLK3,SI,10,0
NBASB521210-BLK4,SI,12,0
NBASB521209-BLK2,SI,11,0
NBASB521209-BLK3,SI,6,0
NBASB521209-BLK4,SI,5,0
NBASB521210-BLK,SI,9,0
NBASB521209-BLK,SI,7,0
NBASB521209-PUR,SI,2,0
NBASB521206-BLK3,SI,14,0
NBASB521206-BLK,SI,24,0
NBASB521206-RED,SI,27,0
NBASB521206-PUR,SI,22,0
NBASB521206-GRN,SI,3,0
NBASB521204-RED2,SI,10,0
NBASB521205-RED,SI,3,0
NBASB521205-WHT,SI,2,0
NBASB521205-YEL,SI,22,0
NBASB521205-GRY,SI,22,0
NBASB521204-BLK,SI,63,0
NBASB521204-RED,SI,63,0
NBASB521204-BLK2,SI,34,0
NBASB521204-PUR,SI,44,0
NBASB521204-BLK3,SI,54,0
NBASB521204-BLK4,SI,13,0
NBASB521204-BLU,SI,20,0
NBASB521204-BLK5,SI,12,0
NBASB521203-GRY,SI,3,0
NBASB521203-PUR,SI,2,0
NBASB521203-GRN,SI,5,0
NBASB521203-BLK2,SI,7,0
NBASB521203-BLK,SI,8,0
NBASB521202-RED,SI,18,0
NBASB521202-BLK,SI,3,0
NBASB521202-BLK3,SI,9,0
NBASB521201-BLU,SI,20,0
NBASB521201-BLK4,SI,7,0
NBASB521201-GRN,SI,5,0
NBASB521201-BLK5,SI,6,0
NBASB521201-GRY,SI,5,0
NBASB521201-BLK6,SI,47,0
NBASB521201-RED,SI,64,0
NBASB521201-BLK,SI,17,0
NBASB521201-WHT,SI,46,0
NBASB521201-YEL,SI,43,0
NBASB521201-PUR,SI,16,0
NBASB521201-BLK2,SI,29,0
GJLT52104-BLK,SI,13,0
GJHD52106-GRY,NO,13,0
GJTS52102-WHT,SI,13,0
NBASB521215-GRN,SI,5,0
NBASB521210-BLK6,SI,5,0
NBASB521204-GRY,SI,5,0
NBASB521204-BLK8,SI,30,0
NBASB521204-PUR2,SI,10,0
NBASB521206-BLK4,SI,20,0
NBASB521204-BEI,SI,2,0
NBASB521204-YEL,SI,2,0
NBASB521204-NVY2,SI,16,0
NBASB521204-BLK6,SI,6,0
NBASB521204-NVY,SI,5,0
NBASB521204-RED3,SI,5,0
NBASB521204-GRN,SI,18,0
NBASB521204-BLU2,SI,20,0
TGBX52102-BLK,SI,53,0
COCBX52101-BLK,SI,16,0
COCBX52102-RED,SI,12,0
TWBX52101-NVY,SI,13,0
NIRTS52102-WHT,SI,7,0
COCTS62107-WHT,NO,7,0
COCPT62113-BLK,SI,18,0
COCSW62101-BLU,SI,16,0
COCHD62113-BLK,SI,19,0
COCTS62111-BLK,NO,19,0
COCCT62113-WHT,NO,19,0
COCSW52102-RED,SI,15,0
COCHD52110-NVY,SI,11,0
COCTS52106-GRY,SI,17,0
COCTS52105-GRN,SI,15,0
COCSW52101-RED,SI,26,0
COCTS52101-RED,SI,19,0
NIRSB52101-BLK,SI,31,0
BABSB52104-BLK,NO,31,0
GIJSB52102-BLK,SI,9,0
NIRSB52102-BLK,SI,16,0
BABSB52101-BLK,NO,16,0
COCSB52101-RED,SI,3,0
NIRHD52102-BLK,SI,14,0
NBATS521826-BLK2,SI,3,0
NFLTS321000-NVY,SI,20,0
NFLTS521000-BLK5,SI,55,11
NFLTS521000-RED3,SI,13,11
NFLTS521000-BLK4,SI,12,11
NFLTS521000-RED2,SI,22,0
NFLTS521000-RED,SI,35,0
NFLTS521000-AQU,SI,28,11
NFLTS521000-BLK,SI,19,11
NFLTS521000-GRN,SI,32,11
NFLTS521000-NVY,SI,44,11
NBATS521822-GRY,SI,6,0
NBASW521819-GRY,SI,0,4
NBATS321825-RED,SI,19,0
NBATS321825-BLU2,SI,19,0
NBATS321825-BLK2,SI,21,0
NBATS321825-BLK,SI,23,0
NBATS321825-PUR,SI,7,0
NBATS321825-YEL,SI,12,0
NBATT321824-BLK2,SI,16,0
NBATT321824-BLU,SI,19,0
NBATT321824-BLK,SI,23,0
NBATS321827-BLK,SI,12,0
NBATS321827-BLU,SI,11,0
NBATS321826-BLU2,SI,18,0
NBATS321826-BLK,SI,8,0
NBATT321809-PUR,SI,4,0
NBASH521820-GRE,SI,10,43
NBASH521820-ROY,SI,16,98
NBASH521820-BLK2,SI,17,50
NBATS321639-BLK,SI,3,0
NBASH321820-BLK2,SI,11,10
NBASH321820-YEL,SI,57,0
NBASH321820-BLK,SI,17,2
NBASH321820-RED,SI,45,0
NBASO2102-RED2,SI,11,0
NBASO2102-BLU,SI,9,0
NBASO2101-BLU,SI,18,0
NBASO2101-GRY,SI,23,0
NBASO2101-GRN,NO,23,0
NBAPJ32102-BLK4,SI,21,0
NBAPJ32102-PUR,SI,28,0
NBAPJ32102-BLK,SI,22,0
NBAPJ52102-BLK,SI,3,0
NBACT621824-BLK,SI,8,0
NBATS320400-WHT,SI,26,0
NBATS320400-BLK,SI,25,0
NBATS321430-GRY,SI,15,0
NBATS321429-BLK,SI,20,0
NBATS321427-BLK2,SI,17,0
NBATS321000-BLK5,SI,23,0
NBATT621801-PUR,SI,16,0
NBATS621825-WHT2,SI,9,0
NBATS621825-BLK2,SI,18,0
NBATS621825-WHT,SI,16,0
NBATS621825-BLK,SI,10,0
NBATS621825-PUR,SI,19,0
NBATS621825-YEL,SI,4,0
NBATS521825-BLK2,SI,3,0
NBATS521825-BLK,SI,3,0
NBATS521825-YEL,SI,2,0
NBASH32148-GRY,SI,9,0
NBASH32148-PUR,SI,5,0
NBATS32147-BLU,SI,10,0
NBATS32147-PUR,SI,16,0
NBATS32147-BLK,SI,5,0
AMHD52111-NVY,SI,2,0
NBATS321000-ROY,SI,26,0
NBATS321000-GRN,SI,18,0
NBATS321000-GRY,SI,7,25
NBATS321000-BLK3,SI,7,24
NBATS321000-BLK2,SI,6,20
NBATS321000-WHT,SI,7,0
NBATS321000-RED,SI,5,42
NBATS321000-BLK,SI,7,23
NBATS321000-PUR,SI,21,0
NBATS321000-YEL,SI,21,79
NBATS321621-BLK2,SI,12,0
NBATS321621-BLK,SI,22,0
AMTS52105-RED,SI,3,0
AMTS52104-RED,SI,10,0
NBASH521705-BLK2,SI,6,0
NBATT521810-RED,SI,11,0
NBATT521810-WHT,SI,19,0
NBASH521820-YEL,SI,22,108
NBASH521820-BLK,SI,11,156
NBASH521820-RED,SI,11,110
NBATS521702-GRY,SI,4,0
NBATT321613-GRN,SI,4,0
NBATT321613-YEL,SI,5,0
NBATT321613-RED,SI,6,0
NBATS321607-BLK3,SI,27,0
NBATS321607-BLK2,SI,10,0
NBASH321557-BLK3,SI,10,0
NBASH321557-BLK,SI,8,0
NBATS320471-BLK,NO,8,0
NBATT320471-BLK,SI,7,0
NBATS321613-NVY,SI,12,0
NBATS321613-BLK4,SI,6,0
NBATS321613-BLK2,SI,19,0
NBATS321613-PUR,SI,3,0
NBATS321613-BLK,SI,7,0
MLBBX52106-NVY3,SI,60,0
MLBTS32158-BLU,SI,22,0
MLBTS32158-NVY2,SI,7,0
MLBTS32158-NVY,SI,12,0
MLBPT320201-NVY,SI,24,0
MLBTS320209-NVY,SI,8,0
MLBTS320209-BLK,SI,13,0
MLBTS320206-NVY2,SI,14,0
MLBTS320206-WHT,SI,3,0
MLBJS320220-WHT2,SI,0,20
MLBJS320220-BLU,SI,0,62
MLBJS320220-NVY,SI,3,54
MLBJS320220-WHT,SI,1,73
MLBJT320220-BLU,SI,1,15
MLBJT320220-NVY2,SI,0,24
MLBJT320220-NVY,SI,0,6
MLBJT320220-WHT,SI,14,42
MLBTS320201-BLU,SI,26,25
MLBTS320201-NVY2,SI,34,26
MLBTS521156-NVY2,SI,5,0
MLBSH520201-BLU,SI,16,25
MLBSH520201-NVY2,SI,40,32
MLBPT520201-BLU,SI,19,26
MLBPT520201-NVY2,SI,20,0
MLBPT520201-BLK,SI,13,52
MLBPT520201-NVY,SI,9,11
MLBJS520220-WHT2,SI,8,75
MLBJS520220-BLU2,SI,4,43
MLBJS520220-BLU,SI,0,144
MLBJS520220-NVY,SI,0,85
MLBJS520220-RED,SI,5,105
MLBJS520220-WHT,SI,0,240
MLBJT520220-BLU,SI,6,88
MLBJT520220-WHT2,SI,4,42
MLBJT520220-NVY2,SI,30,53
MLBJT520220-NVY,SI,5,48
MLBJT520220-WHT,SI,0,165
LVJS52103-RED,SI,20,0
LVJS52102-BLK,SI,12,0
LVTS52101-RED,SI,21,0
NBAPJ32101-BLK4,SI,15,0
NBAPJ32101-BLK2,SI,57,0
NBAPJ32101-PUR,SI,22,0
NBAPJ32101-BLK,SI,51,0
NBAPJ52101-BLK4,SI,16,0
NBATS521622-BLK11,SI,5,0
NBASB621270-BLK,SI,26,0
NBAPT621252-BLK4,SI,11,0
NBATS621246-PUR,SI,8,0
NBATS621246-BLK,SI,4,0
NBACT621230-BLK2,SI,7,0
NBATT621224-NVY,SI,18,0
NBATT621224-BLU,SI,5,0
NBASW621212-BLK,SI,5,0
NBACT621198-NVY,SI,5,0
NBAPJ52101-BLK,SI,20,0
NBAJS621279-BLK,SI,14,0
NBAJS621279-PUR,SI,5,0
NBASB621270-PUR,SI,25,0
NBAPT621137-NVY,SI,3,0
NBAHD621131-BLK,SI,34,0
NBACT621125-GRY,SI,4,0
NBACT621125-BLK2,SI,7,0
NBACT621125-BLU,SI,27,0
NBACT621125-PUR,SI,41,0
NBATS621102-PUR,SI,6,0
NBATS521428-BLK,NO,6,0
NBABX52103-BLK2,SI,8,0
NBABX52102-GRN,SI,57,0
NBABX52101-BLK2,SI,68,0
NBATS521582-WHT,SI,0,4
NBATT520471-BLK,SI,1,4
MLBHD52001-BLU,SI,0,19
MLBHD52001-NVY,SI,7,18
MLBTS520201-BLU,SI,18,37
MLBTS520201-NVY,SI,8,48
MLBTS520200-BLK3,SI,0,29
MLBTS520200-WHT3,SI,0,65
MLBTS520200-BLU2,SI,27,63
MLBTS520200-BLK2,SI,10,32
MLBTS520200-NVY2,SI,3,75
MLBTS520200-NVY,SI,4,195
MLBTS520200-BLK,SI,0,150
MLBTS520200-WHT,SI,8,145
MLBPJ32101-NVY,SI,53,0
MLBPJ32101-WHT,SI,56,0
MLBCT62128-WHT,NO,56,0
MLBCT62128-BLU,SI,7,0
MLBCT62128-NVY2,SI,3,0
MLBCT62128-LIL,NO,3,0
MLBSB62124-BLU,SI,36,2
KIHD62101-BLK,NO,36,2
KITS62104-GRY,NO,36,2
KITT62103-AQA,SI,13,0
KITT62103-BLK,SI,2,0
MLBSO2101-BLU2,SI,8,0
MLBSO2101-BLU,SI,6,0
MLBSO2101-NVY4,SI,21,0
MLBSO2101-NVY3,SI,3,0
MLBPJ52102-WHT,SI,7,0
MLBSW62105-BLK,SI,3,0
MLBSW62105-GRY,SI,3,0
MLBPT62141-BLU,SI,1,2
BCJS32121-BLK,SI,17,0
BCJS32121-NVY,SI,7,0
BCJS32120-BLK,SI,8,0
STTSH622202K-WHT,NO,8,0
STTTT622201-PNK,NO,8,0
STTHD622204K-NVY,NO,8,0
STTHD622203K-NVY,NO,8,0
STTCT622203K-WHT,NO,8,0
STTCT622205K-NVY,NO,8,0
NBATS521501-BLK3,NO,8,0
NBACS32106-BLK2,SI,20,0
NBASL52056-BLK2,SI,69,0
NBASL52056-PUR,SI,28,16
NBASL52034-PUR,SI,49,0
NBASL52034-BLK,SI,0,7
NBASL52101-BLK2,SI,62,0
NBACS52106-BLK3,SI,9,0
NBAFF521115-PUR,SI,13,0
NBAFF521115-RED,SI,3,0
NFLJS321000-RED3,SI,1,23
NFLJS321000-RED2,SI,0,27
NFLJS321000-RED,SI,9,19
NFLJS321000-BLK3,SI,8,20
NFLJS321000-BLK,SI,1,24
NFLJS321000-AQU,SI,2,21
NFLJS321000-NVY,SI,0,21
NBATS521424-BLU,SI,17,24
NBAHD521002-BLK2,SI,7,0
NBAHD521002-BLK,SI,21,0
NBAHD521001-ROY,SI,4,0
NBAHD521001-BLK3,SI,10,0
NBAHD521001-BLK2,SI,16,0
NBAHD521001-YEL,SI,10,0
NBAHD521001-RED,SI,13,0
NBAHD521001-BLK,SI,19,0
NBATS520400-WHT,SI,51,50
NBATS520400-GRY,SI,37,30
NBATS520400-BLK,SI,36,23
STTTS622202K-WHT,NO,36,23
STTSH622202K-NVY,NO,36,23
STTPT622204K-NVY,NO,36,23
STTPT622203K-NVY,NO,36,23
30867U-U56,NO,36,23
30870U-FCL,NO,36,23
30866U-090,NO,36,23
26874U-LP9,NO,36,23
26877U-LPC,NO,36,23
26877U-42X,NO,36,23
26885U-LPJ,NO,36,23
26882U-LPH,NO,36,23
26882U-LPL,NO,36,23
26874U-677,NO,36,23
PACSO522203K-BLK,NO,36,23
PACSO522204K-NVY,NO,36,23
MLBSB62124-NVY2,SI,55,2
MLBSB62124-NVY,SI,5,2
MLBSB62120-LBL,SI,28,2
MLBSB62120-NVY,SI,26,0
MLBHD62153-NVY,SI,14,0
MLBCT62144-PUR,NO,14,0
MLBCT62144-RED,SI,11,0
MLBCT62144-LBL,SI,2,0
MLBCT62144-NVY,SI,9,0
MLBCT62144-BEI,SI,22,0
MLBTS62103-BLU,SI,2,0
MLBTS62103-RED,SI,28,0
MLBTS62103-WHT,NO,28,0
MLBTS62102-BLU,SI,3,0
MLBTS62102-NVY2,SI,3,0
MLBBX52105-WHT2,SI,73,0
MLBBX52105-WHT,SI,12,0
MLBBX52104-NVY2,SI,11,0
MLBCS32102-NVY1,SI,55,0
MLBSL52101-BLU,SI,30,0
MLBSL52101-NVY2,SI,23,0
MLBFF518401-WHT,SI,42,6
MLBCS52102-NVY2,SI,47,0
MLBCS52102-BLU,SI,75,0
BCTS32151-NVY,SI,26,0
NASSL52202-BLK,SI,69,0
BCSB32106-RED,SI,6,0
BCSH32103-NVY,SI,4,0
BCJS32101-RED,SI,5,0
BCSH32104-NVY,SI,6,0
UMJS523103-BLK,NO,6,0
UMJS523103-NVY,NO,6,0
NBATS521000-RED3,SI,16,35
NBATS521000-BLK5,SI,0,55
NBATS521000-ROY,SI,17,56
NBATS521000-GRN,SI,2,79
NBATS521000-GRY,SI,28,26
NBATS521000-BLK3,SI,36,11
NBATS521000-BLK2,SI,50,107
NBATS521000-WHT,SI,42,69
NBATS521000-RED,SI,58,62
NBATS521000-BLK,SI,77,14
NBATS521000-PUR,SI,44,21
NBATS521000-YEL,SI,80,10
NBATS521424-BLK,SI,43,16
NBATS521424-YLW,SI,40,16
CHB006-OD0,NO,40,16
SOPPJ52202-NVY,SI,12,0
CHB006-0/B,NO,12,0
CHB302-087,NO,12,0
CHB302-BLK,NO,12,0
UNFLSW522202-BLK,SI,0,2
GT18H586138Q5R,NO,0,2
NBABN52104-BLK,SI,8,0
NBATS52001-BLKCOP,NO,8,0
UFTS52108-BLU,NO,8,0
UFTS52114-BLU,NO,8,0
UFTS52111-WHT,NO,8,0
81898U-096,NO,8,0
81898U-EH6,NO,8,0
81898U-FC6,NO,8,0
81898U-K95,NO,8,0
81898U-LNH,NO,8,0
81898U-LNU,NO,8,0
81898U-N84,NO,8,0
81899U-090,NO,8,0
81899U-096,NO,8,0
81899U-EH6,NO,8,0
81899U-FC6,NO,8,0
81899U-N84,NO,8,0
81900U-090,NO,8,0
81900U-096,NO,8,0
BCSH32105-NVY,SI,2,0
MLBTS32108-BLU,SI,2,0
MLBTS32110-BLU,SI,14,0
MLBTS32111-NVY,SI,11,0
MLBTS32115-NVY,SI,3,0
ESJS52101-ROY,NO,3,0
81900U-EH6,NO,3,0
81900U-FC6,NO,3,0
81900U-K95,NO,3,0
81900U-LNH,NO,3,0
81900U-N84,NO,3,0
ACHD5232001-GRY,NO,3,0
ACTS5232004-WHT,NO,3,0
OLJS52280-WHT,NO,3,0
21256U-LN5,NO,3,0
21256U-LN6,NO,3,0
21258U-LN5,NO,3,0
21312U-356,NO,3,0
21150U-DDS,NO,3,0
21150U-LQ3,NO,3,0
21151U-DDS,NO,3,0
21151U-LQ3,NO,3,0
21196U-LN5,NO,3,0
21196U-LN6,NO,3,0
21310U-0V6,NO,3,0
21311U-KDB,NO,3,0
ESLS52201-BLU,NO,3,0
PFLTS5232002-GRY,NO,3,0
NBAHD523111-BLK5,SI,0,43
NBAHD523111-BLK6,SI,0,51
NBAHD523112-PUR,SI,0,42
NBAJP523107-BLK10,SI,0,42
NBASW523106-PUR,SI,0,42
MLBHD62208-NVY,SI,18,42
MLBHD62208-BLU,SI,22,0
21280U-LMN,NO,22,0
21282U-LMN,NO,22,0
81082U-FZ9,NO,22,0
21300U-LMZ,NO,22,0
21302U-LMH,NO,22,0
21302U-LMZ,NO,22,0
21304U-LMH,NO,22,0
21304U-LMZ,NO,22,0
81857U-LMN,NO,22,0
81857U-LP4,NO,22,0
81865U-LMN,NO,22,0
NFLWR522205-BLK1,SI,0,17
NFLWR522205-BLK,SI,0,17
81865U-LP4,NO,0,17
81867U-LMN,NO,0,17
81868U-LMN,NO,0,17
81897U-090,NO,0,17
81897U-096,NO,0,17
81897U-EH6,NO,0,17
81897U-FC6,NO,0,17
81897U-LNH,NO,0,17
81897U-N84,NO,0,17
81898U-090,NO,0,17
NASPT522201-BLK,SI,20,0
NBASB522228-RED1,SI,4,0
NBASB522228-PUR1,SI,4,0
NBASB522228-BLU,SI,4,0
NBASB522219-BLK5,SI,3,0
NBASB522219-BLK3,SI,3,0
NBASB522223-WHT,SI,5,0
NBASB522218-GRY2,SI,5,0
NBASB522218-GRY,SI,3,0
NBASB522216-RED,SI,3,0
NBASB522216-WHT,SI,3,0
NBASB522216-PUR,SI,5,0
NBASB522216-WHT2,SI,5,0
NBASB522208-PUR2,SI,4,0
NBASB522208-NVY1,SI,3,0
NBASB522208-NVY,SI,4,0
NBASB522206-GRY,SI,4,0
NBASB522206-BLK1,SI,3,0
NBASB522206-BLU,SI,4,0
NBASB522203-BLK1,SI,4,0
NBASB522218-BLK3,SI,3,0
NBASB522216-BLK5,SI,3,0
NBASB522216-BLK3,SI,3,0
NBASB522208-GRN,SI,4,0
NBASB522208-BLU,SI,4,0
NBASB522206-YEL1,SI,3,0
NBABJ522210-BLK,SI,0,15
NBABJ522210-BLK1,SI,0,16
NFLJP522204-NVY,SI,0,17
UMSH523102-BLK,NO,0,17
UMSH523102-NVY,NO,0,17
UMPL523101-BLK,NO,0,17
25044U-090,NO,0,17
25044U-096,NO,0,17
25045U-090,NO,0,17
25045U-096,NO,0,17
MLBTS322201-BLK,SI,0,25
MLBSL52102-BLU,SI,27,0
NBAJP522240-RED,SI,0,17
NBAJP522240-BLK1,SI,0,9
NBASL52101-BLK,SI,30,16
FTCT622201-WHT,SI,17,0
NFLJP522204-BLK2,SI,0,13
NFLJP522204-BUR,SI,0,17
NBATT322201-YEL,SI,0,10
NBATT322201-RED,SI,0,11
NBATT322201-BLK,SI,0,5
NBATS322240-YEL3,NO,0,5
NBATS322240-YEL1,SI,0,17
NBASB522261-BLK,SI,10,0
NBASB522260-BLK,SI,2,0
WWETS522206-BLK,SI,21,0
WWETS522203-BLK,SI,27,0
NBASBTS321204-RED,SI,9,0
NBASBTS321204-PUR,SI,18,0
NBASBTS321205-BLK,SI,4,0
NBASBTS321206-BLK,SI,7,0
NBASBTS321206-YLW,SI,12,0
NBASBPT321201-BLK,SI,3,0
NBASBTS321211-WHT,SI,5,0
NBASBTS521211-WHT,SI,2,0
NASTS622201-PNK,SI,23,0
NASCT622201-LBL,SI,27,0
NASCT622201-PNK,SI,23,0
SMTS622203-WHT,SI,26,0
SMTS622203-NVY,SI,26,0
SMTS622201-BLK,SI,20,0
81840U-LNK,NO,20,0
30612U-090,NO,20,0
64704U-002,NO,20,0
64704U-060,NO,20,0
81840U-LNZ,NO,20,0
81840U-N84,NO,20,0
21281U-LMN,NO,20,0
81842U-88D,NO,20,0
81842U-LNK,NO,20,0
30868U-FCL,NO,20,0
81842U-LNZ,NO,20,0
21279U-LMN,NO,20,0
81843U-88D,NO,20,0
CHB602-BLK,NO,20,0
CHB000-NVY,NO,20,0
CHB602-HED,NO,20,0
CHB602-NVY,NO,20,0
CHB000-BLK,NO,20,0
CHB000-087,NO,20,0
CHB000-WHT,NO,20,0
7728CG-BLK,NO,20,0
GT78HY06794045,NO,20,0
UMDFMED,NO,20,0
GT23HY07718AM3G,NO,20,0
85995U-HMP,NO,20,0
30613U-090,NO,20,0
ESSH51902-WHT,NO,20,0
13019 NUGRUM,NO,20,0
UMJS5PLA01-ROY,NO,20,0
H-TWOTH05CTPXC-RZ,NO,20,0
ZY17001,NO,20,0
MLBJP52204-NVY,SI,21,23
30479U-090,NO,21,23
NBACS32204-RED,SI,31,0
NBAJK52208-BLK,SI,6,0
NBASW52218-PUR,SI,5,0
NBASW52218-BLK,SI,5,0
NBASW52209-RED,SI,20,6
NBASW52209-YEL,SI,34,6
NBATS52224-GRN,SI,43,1
NBATS52224-BLK4,SI,12,23
NBATS52224-RED2,SI,6,36
NBATS52224-BLK3,SI,44,0
NBATS52224-YEL2,SI,14,41
NBATS52224-BLU2,SI,29,23
NBATS52224-BLU,SI,48,1
NBATS52224-WHT2,SI,43,23
NBATS52224-WHT,SI,65,24
NBATS52224-BLK2,SI,41,0
NBATS52224-BLK,SI,43,1
NBATS52224-PUR,SI,69,39
NBATS52224-YEL,SI,61,6
NBASH52205-BLK,SI,18,0
NBASH52205-BLU,SI,13,0
NBASH52205-GRN,SI,11,22
NBASH52205-PUR,SI,17,0
NBASH52205-RED,SI,9,35
NBATT52205-NVY,SI,32,0
NBATT52205-BLK8,SI,32,1
NBATT52205-BLK7,SI,26,9
NBATT52205-BLK6,SI,5,35
NBATT52205-BLK5,SI,3,91
NBATT52205-BLK4,SI,13,42
NBATT52205-BLU,SI,23,126
NBATT52205-BLK3,SI,0,151
NBATT52205-YEL,SI,39,156
NBATT52205-BLK2,SI,50,42
NBAPT52205-BLU,SI,28,0
NBAPT52205-BLK4,SI,25,0
NBAPT52205-BLK2,SI,10,0
NBAPT52205-BLK,SI,3,0
NBASW52209-BLK,SI,10,19
NBAJS552201-RED,SI,4,89
NBAJS552201-WHT2,SI,0,107
NBAJS552201-BLK3,SI,0,120
NBAJS552201-BLK2,SI,0,55
NBAJS552201-WHT,SI,0,42
NBAJS552201-BLU,SI,1,53
NBAJS552201-BLK,SI,0,42
NBAJS552201-GRN,SI,0,57
NBAJS552201-YEL,SI,28,74
NBATS32215-ORG,SI,31,0
NBATS32215-GRN,SI,12,0
NBATS32215-YEL2,SI,18,0
NBATS32215-BLU,SI,28,0
NBATS32215-WHT2,SI,29,0
NBATS32215-BLK,SI,46,0
NBATS32215-PUR,SI,56,0
NBATS32215-YEL,SI,17,0
NBASH32205-BLK,SI,7,20
NBASH32205-PUR,SI,0,19
NBASH32205-RED,SI,1,2
NBATT32205-NVY,SI,10,25
NBATT32205-BLK8,SI,41,0
NBATT32205-BLK7,SI,48,15
NBATT32205-BLK6,SI,7,17
NBATT32205-BLK5,SI,0,43
NBATT32205-BLU,SI,63,43
NBATT32205-BLK3,SI,28,43
NBATT32205-YEL,SI,58,43
NBATT32205-BLK2,SI,38,42
NBATT32205-BLU3,SI,20,20
NBAPT32205-BLK2,SI,19,0
NBAPT32205-BLK,SI,20,0
NBAJS532201-RED,SI,4,48
NBAJS532201-WHT2,SI,2,21
NBAJS332201-BLK3,NO,2,21
NBAJS532201-BLK2,SI,4,55
NBAJS32201-BLU,NO,4,55
NBAJS532201-BLK,SI,0,68
NBAJS332201-YEL,NO,0,68
NBAJS552201-PUR,SI,12,49
NBAJS532201-PUR,SI,0,24
RMSH52203-NVY,SI,7,0
RMTS52201-WHT2,SI,17,0
RMTS52201-NVY,SI,33,0
RMHD32202-NVY,SI,13,0
RMSH32203-NVY,SI,22,0
RMTS32201-WHT2,SI,13,0
RMTS32201-NVY,SI,43,0
NFLTS62201-BLK2,SI,33,0
NFLTS62201-BLK,SI,34,0
NFLTS62201-NVY,SI,34,0
NFLTS62201-TUR,SI,35,0
NFLTS62201-RED,SI,35,0
NFLTS62201-BLK3,SI,35,0
NBATS62212-PUR,SI,5,16
NBATS62212-YEL2,SI,10,0
NBATS62212-BLK4,SI,25,25
NBATS62212-RED2,SI,25,25
NBATS62212-BLK,SI,3,13
NFLSW52205-BLK4,SI,25,0
NFLSW52205-NVY2,SI,31,0
NFLSW52205-BLK,SI,27,0
NFLHD52206-RED2,SI,26,0
NFLHD52206-BLK,SI,28,11
NFLJP52203-BLK4,SI,6,0
NFLJP52203-BLK,SI,10,0
NFLJP52203-NVY,SI,10,0
NFLTS52209 -NVY,SI,39,0
NFLTS52209-BLK5,SI,27,0
NFLTS52209-BLK4,SI,26,0
NFLTS52209-RED2,SI,30,0
NFLTS52209-RED,SI,39,0
NFLTS52209-BLK2,SI,26,0
NFLTS52209-BLK,SI,35,0
NFLTS52209-AQU,SI,39,0
NFLTS52209-NVY,SI,30,0
JVSH52201-BLK,SI,17,0
BCTS52206-RED,SI,26,0
BCTS52206-NVY,SI,38,0
JVSH32201-BLK,SI,33,0
JVHD32204-GRY,SI,25,0
BCSH32203-NVY,SI,2,14
BCTS32206-NVY,SI,18,0
MLBSW52204-BLU,SI,8,0
MLBSW62202-NVY,SI,3,0
MLBHD62206-LBLU,NO,3,0
MLBHD62206-BLK,SI,6,0
MLBHD62206-BLK2,SI,17,0
MLBHD62206-GRY,SI,8,0
MLBTS62208-BLU2,SI,3,24
MLBTS62207-GRY,SI,23,37
MLBTS62207-NVY,SI,3,0
MLBTS62207-RED,SI,25,0
MLBTS62207-NVY3,SI,18,0
MLBTS62207-BLU,SI,25,0
MLBTS62207-NVY2,SI,27,0
MLBTT62203-WHT,SI,24,0
MLBTT62203-NVY,SI,23,0
MLBTT62203-GRY,SI,22,0
MLBHD62207-LBL2,SI,10,0
MLBHD62207-GRY,SI,3,0
MLBTT62202-GRY,SI,22,0
MLBTT62202-WHT,SI,14,0
MLBTT62202-NVY,SI,14,0
BUDCT62202-WHT,NO,14,0
KISTS62203-BLK,SI,16,0
KISTS62202-WHT,SI,19,0
SMCT62202-GRY,SI,24,0
SMCT62201-PNK,SI,10,0
SMTS62202-BLU,SI,17,0
PCBX52201-NVY,SI,31,0
STFBX52201-GRY,SI,67,0
BCTS32205-NVY,SI,27,0
MLBTS62208-GRY,SI,15,25
MLBTS62208-BLU,SI,19,0
MLBTS62208-NVY,SI,16,25
MLBTS62208-NVY2,SI,2,0
UMBRO HAT HOLDER,NO,2,0
UMBRO BALL HOLDER,NO,2,0
UMBRO CONNECT,NO,2,0
UMBRO SHOE HOLDER,NO,2,0
NBAJP42201-BLK,SI,10,0
NBAHD42201-BLK,SI,10,0
NBAHD42201-PUR,SI,10,0
NBAHD42201-BLK3,SI,10,0
NBAJP42201-BLK2,SI,10,0
NBAJP42201-BLK5,SI,10,0
NBACT42201-LBL,SI,13,0
NBACT42201-PUR,SI,14,0
NBACT42201-PUR2,SI,12,0
NBAHD62208-PUR,SI,15,0
NBAHD62208-BLK,SI,19,0
NBAHD62208-RED,SI,21,0
NBATT62203-YEL,SI,20,0
NBATT62203-PUR,SI,20,0
NBATT62203-BLK4,SI,27,0
NBATT62203-RED2,SI,26,0
NBATT62203-BLK,SI,25,0
NBATT62203-RED,SI,26,0
NBATS62212-YEL,SI,0,23
NBATS62212-BLU,SI,0,19
MTBX52201-NVY,SI,61,0
COCBX52202-RED,SI,61,0
COCBX52201-BLK,SI,60,0
WWEBX52201-BLK,SI,80,0
PWBX52201-BLK,SI,67,0
SOUBX52202-NVY,SI,49,0
NBATS521424-GRY,SI,52,0
NBATS521424-BLK3,SI,46,0
NBASL52206-BLK,SI,31,0
NBAFF52202-BLK,SI,24,0
NBAFF52202-RED,SI,19,0
NBAFF52201-BLK,SI,15,0
NBASL52205-BLK,SI,25,0
NBASL52205-RED,SI,33,0
NBASL52204-RED,SI,0,2
NBASL52204-BLK2,SI,53,0
NBASL52203-RED,SI,21,0
NBACS52204-GRY,SI,13,0
NBACS52204-BLK,SI,15,0
NBACS52204-RED,SI,26,0
NBACS52203-YEL,SI,17,0
NBACS52203-RED,SI,11,0
NBACS52202-BLK,SI,12,0
NBACS52201-BLK2,SI,25,0
NBACS52201-BLK,SI,4,0
NBACS32204-GRY,SI,32,0
NBACS32204-BLK,SI,26,0
NBACS32201-BLK2,SI,22,0
SOUBX52201-NVY,SI,51,0
MLBHD52001-GRY,SI,11,0
MLBFF52204-NVY,SI,58,0
MLBFF52201-GRY,SI,47,0
MLBFF52201-NVY,NO,47,0
MLBCS52201-NVY2,SI,44,0
MLBCS52201-NVY1,SI,17,0
MLBCS32201-BLU,SI,59,0
MLBCS32201-NVY1,SI,33,0
ACSO52201-GRY,SI,34,0
ACBX52202-BLK,SI,50,0
ACBX52201-BLK,SI,61,0
PCSO52202-NVY,SI,0,31
STFSO52201-BLK,SI,16,0
NASSO52202-BLU,SI,0,18
NASSO52201-BLUE,SI,38,0
SPRSO52202-GRN,SI,59,0
CNTS52201-BLU,SI,13,0
CNTS52202-LBL,SI,15,0
CNTS52202-BLU,SI,5,0
CNTS52203-LBL,SI,8,0
CNTS52204-WHT,SI,4,0
STFPJ52201-GRY,SI,36,0
NASPJ52201-BLK,SI,30,0
NASPJ52202-BLK,SI,9,0
PCPJ52201-BLU,SI,34,0
PCPJ52202-BLU,SI,5,0
ACPJ52201-GRY,SI,15,0
ACPJ52202-GRY,SI,9,0
BCBX52201-NVY,SI,33,0
JVBX52201-BLK,SI,85,0
MLBBX52205-BLU,SI,17,0
MLBBX52207-RED,SI,33,0
BABBX52201-NVY,SI,73,0
COCTS62201-BLK,SI,14,0
COCTS52201-WHT,SI,17,0
COCTS52205-GRY,SI,13,0
COCTS52206-WHT,SI,26,0
COCTS52203-GRY2,SI,19,0
COCTS52207-RED,SI,8,0
COCHD52202-BLK,SI,3,0
PWPJ52202-NVY,SI,14,0
BBHPJ52202-GRY,SI,17,0
COCPJ52201-BLK,SI,7,0
COCPJ52202-BLK,SI,9,0
RMBX52201-BLK,SI,40,0
NBABX52208-BLK,SI,64,0
NBABX52209-BLK,SI,65,0
NBABX52211-GRN,SI,23,0
NBABX52203-BLK,SI,17,0
NBACS32201-BLK,SI,24,0
FTTS62202-WHT,SI,33,0
FTSO52201-NVY,SI,59,0
COCSO52202-BLK,SI,0,31
WWESO52202-BLK,SI,0,31
PWSO52202-NVY,SI,0,31
SOUSO52202-NVY,SI,0,11
SOPSW52202-BLU,SI,6,0
SOPSW52201-BLK,SI,6,0
SOPTS52202-WHT,SI,21,0
PWTS52203-BLK,SI,9,0
PWTS52203-WHT,SI,3,0
PWTS52201-BLK,SI,16,0
FTTS52204-WHT,SI,19,0
COCSW62201-PNK,SI,16,0
COCSW62201-BLK,SI,16,0
COCTS62202-RED,SI,37,0
COCHD62201-RED,SI,15,0
COCHD62202-GRY,SI,8,0
COCCT62203-LBL,SI,5,0
COCCT62204-GRY,SI,21,0
COCCT62205-RED,SI,13,0
NFLJP52202-BLK2,SI,9,0
NFLJP52202-TUR,SI,5,0
NFLJP52202-BLK3,SI,6,0
NFLJP52202-NVY,SI,3,0
NFLTS52207-DRED,SI,5,0
NFLTS52206-BLK,SI,10,0
NFLTS52206-BLU2,SI,10,0
NFLTS52206-RED,SI,6,0
NFLTS52206-BLK2,SI,7,0
NFLTS52203-NVY2,SI,2,0
NFLTS52203-TUR,SI,2,0
NFLTS52203-BLK2,SI,2,0
NFLTS52203-RED,SI,7,0
NFLTS52203-BLK3,SI,6,0
NFLTS52203-BLK,SI,2,0
NBAELS52202-RED,SI,4,0
NBAELS52202-GRY,SI,3,0
STFTS52206-BLK,NO,3,0
STFTS52204-BLK,SI,4,0
STFTS52203-WHT,SI,10,0
STFTS52201-TUR,SI,21,0
STFTS52201-BLK,SI,4,0
SPTS62201-WHT,SI,27,0
SPSW62201-GRN,SI,11,0
ACLS52201-BLK,SI,17,0
ACHD52201-BLK,SI,12,0
WKHTS52202-BLK,SI,22,0
GYTS52203-GRN,SI,14,0
GYLS52201-BLK,SI,16,0
GLTS52202-BEI,SI,13,0
BUDTS52203-GRY,SI,20,0
BUDTS52205-BLU,SI,17,0
NBAELS52202-BLK3,SI,4,0
CABBP1ASE,NO,4,0
NFLHD52201-BLK3,SI,2,0
NFLHD52201-BLK5,SI,9,0
NFLHD52201-BLK,SI,8,0
NFLHD52201-BLK2,SI,7,0
NFLHD52201-DGRN,SI,2,0
NFLHD52201-GRY,SI,2,0
NFLTS52201-RED2,SI,5,0
NFLTS52201-TUR,SI,6,0
NFLTS52201-GRY,SI,12,0
NFLTS32206-BLK2,SI,15,0
NBABX52205-PUR,SI,51,0
NBABX52207-PUR,SI,18,0
NBABX52202-BLK,SI,26,0
RMSO52201-BLU,SI,67,0
FDTS52204-NVY,SI,22,0
FDTS52204-WHT,SI,21,0
FDTS52205-NVY,SI,5,0
FDTS52205-BLK,SI,17,0
FDTS52203-NVY,SI,35,0
FDTS52203-WHT,SI,35,0
NFLHD32201-GRY,SI,11,0
NFLHD32201-NVY,SI,11,0
NFLHD32201-BLK2,SI,11,0
BCPTN-STCLK18W,NO,11,0
B-DBLMV17RPP-GVB,NO,11,0
B-RGW12GWSNL-BKD,NO,11,0
B-RGW17GWSNL-BKF,NO,11,0
NBATS52212-WHT3,SI,10,0
NBACT62201-PUR,SI,18,0
NBACT62201-GRN,SI,25,0
NBACT62201-LBL2,SI,23,0
NBACT62201-PUR2,SI,22,0
NBATS62201-WHT2,NO,22,0
NBACT62201-LBL,SI,18,0
NBATS62201-BLK,NO,18,0
NBATS62201-BLK3,SI,3,0
NBATS62201-RED,SI,3,0
NBATS62201-YEL,SI,4,0
NBATS62201-WHT,SI,13,0
NBAJP62202-GRY,SI,4,0
NBAJP62202-GRY2,SI,16,0
NBAJP62202-GRY3,SI,15,0
NBAJP62202-GRY4,SI,23,0
NBAJP62202-GRY5,SI,15,0
NBAHD62202-LBL,SI,22,0
NBAHD62202-PUR,SI,17,0
NBAHD62202-LBL2,SI,5,0
NBAHD62202-GRN,SI,23,0
NBAHD62202-PUR2,SI,7,0
NBAHD62201-BLK3,NO,7,0
NBATS52210-BLK5,NO,7,0
NFLHD32201-RED,SI,11,0
NFLTS32201-RED,SI,15,0
NFLTS32201-BLK2,SI,14,0
NBATS622011-PUR,NO,14,0
NBATS52213-BLK,SI,28,0
NBATS52212-WHT4,SI,16,0
NBATS52212-WHT,SI,10,0
NBATS52224-ORG,SI,55,0
NBAHD52212-BLK,SI,0,6
NBAHD52212-BLK3,SI,1,6
NBATS52205-RED,NO,1,6
NBATS52205-BLK,SI,20,0
NBATS52205-YEL,SI,14,0
NBASW52205-BLK,NO,14,0
NBASW52203-RED,NO,14,0
NBASW52203-PUR,SI,5,0
NBAHD52210-BLK,NO,5,0
NBAPT52201-PUR,SI,12,0
NBATS52204-RED,SI,5,0
NBATS52204-PUR,NO,5,0
NBATS52204-BLU,SI,5,0
NBATS52204-BLK3,SI,4,0
NBASH62202-BLK,NO,4,0
NBAPT62202-BLK2,SI,26,0
NBAPT62201-BLK2,SI,8,0
NBAJP62204-BLK2,NO,8,0
NBAHD62204-BLK,NO,8,0
NBATS52210-WHT2,SI,4,0
NBATS52206-PUR,NO,4,0
NBATS52209-PUR,SI,19,0
NBATS52209-YEL2,NO,19,0
NBATS52208-RED,SI,14,0
NBATS52208-YEL,SI,7,0
NBATS52208-GRN,SI,8,0
NBATS52208-BLK,SI,11,0
NBATS52208-BLK2,SI,6,0
NBAWR52201-BUR,SI,10,0
NBAWR52201-PUR,SI,8,0
NBAWR52201-GRY,SI,10,0
NBAWR52201-BLU,SI,11,0
UMJK522101-BLK,NO,11,0
MLBPT62201-BLK,SI,1,4
MLBPT62201-NVY,SI,15,4
MLBPT62201-BLK2,SI,1,4
NBATS02207-WHT,SI,20,0
NBATS02207-BLK,SI,22,0
NBATS02202-BLK,SI,16,0
NBATS02202-BLK2,SI,16,0
MLBSW32202-BLU,SI,9,0
MLBSW32202-NVY,SI,7,0
MLBSW32202-WHT,SI,3,0
MLBTS32205-BLU,SI,6,0
MLBTS32205-NVY,SI,15,0
MLBTS32206-NVY,SI,4,0
MLBTS32206-RED,SI,19,0
MLBTS32206-BLU,SI,16,0
MLBTS32205-BLK,SI,7,0
MLBTS32201-NVY,NO,7,0
MLBSH32202-NVY2,SI,24,0
MLBSH32202-NVY3,SI,6,0
MLBSH32202-NVY,SI,12,0
MLBTT32202-NVY,SI,10,0
MLBTT32202-NVY2,SI,24,0
MLBTT32202-BLU,SI,25,0
MLBJP52201-NVY,NO,25,0
MLBJP52201-LBL,SI,4,0
MLBHD52202-WHT,SI,0,6
MLBHD52202-NVY,SI,0,6
MLBHD52202-GRY,NO,0,6
MLBHD52201-NVY,NO,0,6
MLBHD52201-GRY,NO,0,6
MLBHD52201-BLK,SI,0,6
MLBLS52203-BLK,SI,6,5
MLBLS52201-NVY,NO,6,5
MLBTS52205-NVY,NO,6,5
MLBTS52206-NVY,NO,6,5
MLBTS52206-RED,NO,6,5
MLBTS52206-BLU,NO,6,5
MLBTS52204-BLU,SI,2,12
NBAHD02201-ORG,SI,13,0
JVPT32201-BLK,SI,18,0
JVTS32204-BLK,SI,5,0
JVJS32202-WHT,SI,19,0
MLBSH52201-BLK,NO,19,0
MLBJP52201-GRY,SI,0,6
MLBJP62201-BLU,SI,10,0
MLBJP62201-GRY2,SI,26,0
MLBPT62202-DGRY,NO,26,0
MLBJP62201-GRY,NO,26,0
MLBJK62201-DGRY,SI,6,0
MLBJK62201-NVY,SI,7,0
MLBJK62202-BLK,NO,7,0
MLBHD62203-DGRY,SI,5,0
MLBTT62201-NVY,NO,5,0
MLBJS62201-WHT,SI,2,35
MLBJS62201-NVY,SI,2,35
NBACT62202-LPN,NO,2,35
NBATS62202-LPN,NO,2,35
NBAHD52208-BLU2,SI,4,0
NBAHD52208-BLU3,SI,3,0
NBATS52203-GRY,SI,20,0
NBATS52203-BLK2,SI,16,0
NBATS52203-RED,SI,11,0
NBATS52203-PUR,SI,19,0
NBAJK52202-BUR,SI,3,0
NBACT62206-BLK,SI,27,0
NBASW62208-BLK,SI,14,0
NBACT62206-PUR,SI,4,0
NBASW62206-GRY,SI,13,0
NBAJP62206-GRY,SI,12,0
NBASW62205-BLK,SI,15,0
NBAPT62204-BWN,SI,19,0
NBALS62202-GRY,SI,10,0
NBATS62209-GRY,SI,12,0
NBAHD62206-BLK,SI,16,0
NBATS62208-BWN,SI,14,0
NBAPJ52202-GRY,SI,20,0
RMPT52203-NVY,SI,6,0
RMHD52201-NVY,SI,13,0
RMJK52201-WHT,NO,13,0
RMJK52201-NVY,NO,13,0
RMPL52202-NVY,SI,27,0
RMJS52204-NVY,SI,9,0
RMJS52204-BLK,SI,3,0
RMSH52201-NVY,SI,23,0
RMPL52201-WHT,SI,7,0
RMPL52201-NVY,NO,7,0
RMSH52201-WHT,NO,7,0
RMJS52202-NVY,SI,3,0
RMJS52201-WHT,SI,7,0
RMJS52202-WHT,SI,5,0
RMJS32204-NVY,SI,16,0
RMJS32204-BLK,SI,17,0
RMJS32202-NVY,SI,8,0
RMJS32201-BLK,SI,14,0
NBATS32206-BLU,SI,4,0
NBATS32206-RED,SI,5,0
NBATS32206-PUR,NO,5,0
NBATS32206-BLK3,SI,3,0
NBAHD32207-BLU2,SI,22,0
NBAHD32207-BLK5,SI,13,0
NBATT32203-PUR,SI,13,0
NBATS32205-BLK,SI,18,0
NBATS32205-YEL,SI,20,0
NBATS32204-BLK3,SI,9,0
NBATS32204-PUR,SI,22,0
NBAJK32204-PUR,SI,16,0
NBAJK32204-GRY,SI,20,0
NBAJP32203-BLK3,SI,6,0
NBAHD32209-RED,SI,6,0
NBAHD32209-GRY,SI,3,0
NBAHD32209-PUR,SI,14,0
NBAHD32209-BLU,SI,10,0
NBAHD32206-GRY,SI,19,0
NBAHD32206-BLU,SI,19,0
NBAHD32205-BLK3,SI,14,0
NBAHD32205-BLU,SI,18,0
NBAHD32206-RED,SI,13,0
NBAHD32206-PUR,SI,15,0
NBAJK32204-RED,SI,15,0
NBAHD32207-BLK3,SI,10,0
NBATS32205-BLK3,SI,17,0
NBATS32205-RED,SI,17,0
NBAHD32207-BLK,SI,16,0
NBAHD32207-PUR,SI,19,0
NBAPT32201-BLK2,SI,5,0
NBAHD32205-PUR,SI,11,0
NBAPT32201-BLK,SI,10,0
NBATS32204-RED,SI,9,0
NIRTS62201-PNK,SI,13,0
NIRTS62202-GRN,SI,18,0
NIRCT62202-BLK,SI,20,0
NIRTS62201-LBL,SI,5,0
ROCHD52201-BLK,SI,7,0
HULTS52201-YEL,SI,21,0
ROCTS52201-BLK,SI,12,0
ROCTS52201-BEI,SI,21,0
WWEHD52201-BLK,SI,6,0
UNDTS52201-BLK,NO,6,0
NBAHD32207-RED,SI,15,0
NBASH32201-BLK2,SI,3,0
NBATS32202-PUR,SI,3,0
NBATS32202-BLK4,SI,15,0
NBAHD32203-BLK2,SI,18,0
NBAHD32201-PUR,SI,17,0
NFLHD32040-NVY,SI,7,0
NBASH519102-BLK,SI,0,84
MLBTS62205-BLK,SI,3,0
MLBTS62205-NVY,SI,3,0
MLBTS62205-PNK,SI,8,0
MLBTS62202-PNK,SI,21,0
MLBTS62203-BLK,SI,13,0
MLBTS62203-WHT,SI,12,0
MLBTS62202-NVY,SI,8,0
BCPJ52202-NVY,SI,23,0
MLBPJ52202-BLU,SI,6,0
MLBPJ52202-BLU2,SI,3,0
MLBPJ52201-BLU,SI,2,0
MLBPJ52201-BLU2,SI,5,0
BCPT52201-BLU,NO,5,0
BCJK52201-BLU,SI,25,0
BCPO52202-NVY,SI,20,0
BCTS52203-NVY,SI,18,0
BCTT52201-BLU,NO,18,0
BCSH52203-BLU,SI,27,0
BCJS52203-BLU,SI,25,0
BCSH52202-BLK,SI,9,0
BCJS52201-BLU,SI,24,0
JVHD52203-BLK,SI,20,0
JVJK52201-BLK,SI,26,0
JVPT52201-BLK,NO,26,0
JVTS52206-BLK,NO,26,0
JVHD52201-BLK,SI,19,0
JVJS52204-BLK,SI,14,0
JVTS52204-BLK,SI,7,0
JVTS52205-BLK,NO,7,0
JVTT52202-BLK,SI,21,0
JVJS52202-WHT,NO,21,0
NASPJ62201-BLK,SI,16,0
MLBTS52204-LBL,SI,0,14
MLBTS52204-NVY2,SI,37,38
MLBTS52201-BLK,SI,3,7
MLBTS52202-NVY,SI,8,20
MLBTS52202-RED,NO,8,20
MLBTS52202-BLU,SI,0,6
MLBHD52205-BLU,NO,0,6
MLBHD52205-BLK,NO,0,6
MLBHD52205-NVY2,NO,0,6
MLBSH52202-NVY2,SI,15,0
MLBSH52202-NVY3,SI,15,0
MLBTT52202-NVY,NO,15,0
MLBTT52202-NVY2,NO,15,0
MLBTT52202-BLU,SI,22,0
MLBTS52209-NVY,NO,22,0
MLBTS52209-NVY2,SI,1,6
MLBTS52209-BLU,NO,1,6
MLBTS52207-BLK,SI,0,6
MLBTS52207-NVY,NO,0,6
MLBTS52207-BLU,NO,0,6
BCPT32202-NVY,SI,18,0
BCJS32203-BLU,SI,25,0
BCSH32203-BLU,SI,9,0
UMCP5JM02-BLK,NO,9,0
UMCP5JM01-BLK,NO,9,0
PCHD62201-BLK,SI,6,0
ACTS62201-BLK,SI,29,0
PCTS62201-LBL,SI,22,0
PCTS5SS02-BLK,NO,22,0
PCTS22503-GRY,SI,3,0
PCHD5SS01-BLU,SI,3,0
NASTS52204-PUR,SI,12,0
PCTS52201-GRY,SI,25,0
NASTS52202-WHT,SI,5,0
NASTS52201-LBL,SI,34,0
NASHD52202-GRY,SI,10,0
ACTS52201-BLK,SI,5,0
NASWS52201-GRY,SI,9,0
ACTS52202-GRY,SI,13,0
ACCT62203-BLK,SI,20,0
ACTS62202-BLK,SI,32,0
ACCT62201-GRY,SI,26,0
ACTS62203-PNK,SI,26,0
ACSW62201-GRY,SI,15,0
ACTS62202-PUR,SI,33,0
NASSW62202-BLK,SI,18,0
NASTCT62205-PUR,SI,25,0
NASSW62201-BLK,SI,14,0
NASTS62202-WHT,SI,11,0
NASCT62203-PNK,SI,25,0
NASTS62201-PNK,SI,12,0
UMCPTG01-WHT,NO,12,0
UMCPTG01-ROY,NO,12,0
UMCPTG01-BLK,NO,12,0
UMCPTG02-BLK,NO,12,0
86138U-JPDY,NO,12,0
NFLJS32053-TUR,SI,3,0
NFLJS32055-RED,SI,7,0
NFLJS32059-RED,SI,4,0
NFLJS32054-PUR,SI,8,0
NFLTS32001-NVY,SI,17,0
MLBTS52002-WHT,SI,2,72
MLBTS32033-NVY,SI,8,0
MLBTS32002-WHT,SI,9,35
NFLTS32027-NVY,SI,8,0
NBATS519121-PUR,NO,8,0
NFLJS319101-NVY,SI,50,0
NFLJS319102-NVY,SI,14,0
NFLJS319105-BLK,SI,16,0
NFLJS319107-BLK,SI,2,0
NFLJS319108-BLK,SI,16,0
NFLTS319101-NVY,SI,25,0
NBAJS319116-BLK,SI,4,0
NBAJS319118-ROY,SI,8,0
NBAJS319144-NVY,SI,13,0
NBATS319141-BLK,SI,13,0
UMCP5WF01-BLK,NO,13,0
UMSH5ES03-NVY,NO,13,0
STTSO622204-BLK,NO,13,0
STTSO622205-WHT,NO,13,0
20105610-029,NO,13,0
20105500-01V,NO,13,0
262539U0-060,NO,13,0
262539U0-002,NO,13,0
262539U0-Y70,NO,13,0
262537U0-Y70,NO,13,0
262537U0-002,NO,13,0
UMSH523105-TUR,NO,13,0
UMPL523101-NVY,NO,13,0
UMPL523101-ORG,NO,13,0
AGJS52207-ORG,NO,13,0
AGSH52207-BLK,NO,13,0
20103980-249,NO,13,0
20103980-946,NO,13,0
20203670-029,NO,13,0
20203650-018,NO,13,0
30867U-FCL,NO,13,0
64702U-EH2,NO,13,0
30870U-090,NO,13,0
30867U-090,NO,13,0
64704U-ERA,NO,13,0
64705U-060,NO,13,0
20105380-4M9,NO,13,0
64702U-060,NO,13,0
64702U-002,NO,13,0
65311U-C44,NO,13,0
21181U-LCQ,NO,13,0
NBATS52115-BLKCOP,NO,13,0
PSGJS523109-NVY,SI,0,42
RMJS523109-WHT,SI,0,42
UMSH523106-NVY,NO,0,42
UMSH523106-TUR,NO,0,42
UMJP523101-BLK,NO,0,42
UMJP523101-NVY,NO,0,42
BCJS323108-NVY,SI,0,42
BCJS523108-NVY,SI,0,42
JVJS523104-WHT,SI,0,42
NBAJP523107-GRY,SI,0,41
NBASW523106-GRY1,SI,0,42
RMPL323102-NVY,SI,0,42
NBAJP523107-BLK5,SI,0,40
NBAJP523107-BLK4,SI,0,42
NBAJP523107-BLK,SI,0,49
NBAHD523112-GRY,SI,0,42
NBAHD523112-RED,SI,0,39
NBAHD523112-BLK,SI,0,47
NBAJS532201-BLK3,SI,0,42
PFLHD5232001-BLK,NO,0,42
21271U-LMN,NO,0,42
21273U-LMN,NO,0,42
81843U-LNK,NO,0,42
81843U-LNZ,NO,0,42
81919U-090,NO,0,42
81919U-LMN,NO,0,42
81919U-LNZ,NO,0,42
81919U-LP4,NO,0,42
81919U-N84,NO,0,42
81921U-LMN,NO,0,42
81921U-LNZ,NO,0,42
81921U-LP4,NO,0,42
81922U-LP4,NO,0,42
30868U-090,NO,0,42
21301U-LMH,NO,0,42
21301U-LMZ,NO,0,42
21303U-LMH,NO,0,42
21303U-LMZ,NO,0,42
25044U-LMQ,NO,0,42
30866U-FCL,NO,0,42
30868U-U56,NO,0,42
30869U-090,NO,0,42
30869U-FCL,NO,0,42
30885U-090,NO,0,42
NBASH52301-BLK,SI,0,42
NBASH52301-BLK2,SI,0,42
30901U-C44,NO,0,42
30901U-LMV,NO,0,42
30917U-LMH,NO,0,42
30917U-LMZ,NO,0,42
30918U-LMH,NO,0,42
81841U-2VZ,NO,0,42
30920U-LMH,NO,0,42
81841U-88D,NO,0,42
30920U-LMZ,NO,0,42
30921U-LMH,NO,0,42
81841U-LMN,NO,0,42
81841U-LNZ,NO,0,42
81828U-LNK,NO,0,42
81828U-LNZ,NO,0,42
81841U-N84,NO,0,42
81922U-LMN,NO,0,42
81922U-LNZ,NO,0,42
81844U-LNZ,NO,0,42
81844U-LNK,NO,0,42
81847U-LNK,NO,0,42
81905U-LMH,NO,0,42
81901U-LNH,NO,0,42
81902U-LNH,NO,0,42
81923U-LMN,NO,0,42
81923U-LP4,NO,0,42
81923U-N84,NO,0,42
81925U-LMN,NO,0,42
81925U-N84,NO,0,42
81902U-EH6,NO,0,42
81926U-LMN,NO,0,42
81902U-FC6,NO,0,42
81926U-N84,NO,0,42
81902U-LNU,NO,0,42
81903U-EH6,NO,0,42
81903U-LNH,NO,0,42
81904U-EH6,NO,0,42
81904U-LNH,NO,0,42
MLBTS520200-BLU,SI,0,25
MLBTS520200-BLU3,SI,0,25
21318U-LN5,NO,0,25
21307U-096,NO,0,25
21307U-791,NO,0,25
21307U-857,NO,0,25
21307U-759,NO,0,25
MLBJS320220-RED,SI,0,43
MLBTS62208-WHT,SI,0,19
MLBJT520220-NVY3,SI,0,42
MLBJT520220-WHT3,SI,0,42
MLBTS320201-NVY3,SI,0,24
MLBTS320200-WHT2,SI,0,35
